,Unnamed: 0,Year,Month,State,Primary Mode,Illnesses,Hospitalizations,Deaths,Outbreak ID,Strain,Density (Pop./ mi2),Landarea(mi2),HDI (2017)[note 1],HDI (1995),Average High (F),Average Low (F),Length of Genome,%GC,Protein Coding Genes,Genes Overall,tRNA Genes
0,0,2009,1,Massachusetts,Food,3,2.0,0.0,2009 1 Massachusetts,O157:H7,871,7800,0.96,0.905,39.0,25.0,5.59,50.45,"5,155","5,417",103
1,1,2010,7,Massachusetts,Other,2,2.0,0.0,2010 7 Massachusetts,O157:H7,871,7800,0.96,0.905,80.0,65.0,5.59,50.45,"5,155","5,417",103
2,2,2011,7,Massachusetts,Other,8,3.0,0.0,2011 7 Massachusetts,O157:H7,871,7800,0.96,0.905,80.0,65.0,5.59,50.45,"5,155","5,417",103
3,6,2012,4,Massachusetts,Food,2,1.0,1.0,2012 4 Massachusetts,O157:H7,871,7800,0.96,0.905,66.0,50.0,5.59,50.45,"5,155","5,417",103
4,7,2012,5,Massachusetts,Food,6,2.0,0.0,2012 5 Massachusetts,O157:H7,871,7800,0.96,0.905,76.0,60.0,5.59,50.45,"5,155","5,417",103
5,9,2001,5,Massachusetts,Food,8,6.0,0.0,2001 5 Massachusetts,O157:H7,871,7800,0.96,0.905,76.0,60.0,5.59,50.45,"5,155","5,417",103
6,11,2012,11,Massachusetts,Food,8,4.0,0.0,2012 11 Massachusetts,O157:H7,871,7800,0.96,0.905,41.0,28.0,5.59,50.45,"5,155","5,417",103
7,13,2007,10,Massachusetts,Food,9,1.0,0.0,2007 10 Massachusetts,O157:H7,871,7800,0.96,0.905,51.0,38.0,5.59,50.45,"5,155","5,417",103
8,14,2013,8,Massachusetts,Other,2,2.0,0.0,2013 8 Massachusetts,O157:H7,871,7800,0.96,0.905,72.0,57.0,5.59,50.45,"5,155","5,417",103
9,15,2000,8,Massachusetts,Food,5,,,2000 8 Massachusetts,O157:H7,871,7800,0.96,0.905,72.0,57.0,5.59,50.45,"5,155","5,417",103
10,16,2002,8,Massachusetts,Food,13,3.0,0.0,2002 8 Massachusetts,O157:H7,871,7800,0.96,0.905,72.0,57.0,5.59,50.45,"5,155","5,417",103
11,17,2014,6,Massachusetts,Food,4,2.0,1.0,2014 6 Massachusetts,O157:H7,871,7800,0.96,0.905,81.0,65.0,5.59,50.45,"5,155","5,417",103
12,18,2001,9,Massachusetts,Food,12,2.0,0.0,2001 9 Massachusetts,O157:H7,871,7800,0.96,0.905,61.0,47.0,5.59,50.45,"5,155","5,417",103
13,19,2002,9,Massachusetts,Food,66,2.0,0.0,2002 9 Massachusetts,O157:H7,871,7800,0.96,0.905,61.0,47.0,5.59,50.45,"5,155","5,417",103
14,20,2015,9,Massachusetts,Food,3,2.0,0.0,2015 9 Massachusetts,O157:H7,871,7800,0.96,0.905,61.0,47.0,5.59,50.45,"5,155","5,417",103
15,22,2017,3,Massachusetts,Food,16,9.0,0.0,2017 3 Massachusetts,O157:H7,871,7800,0.96,0.905,56.0,41.0,5.59,50.45,"5,155","5,417",103
16,23,2009,3,Connecticut,Food,60,5.0,0.0,2009 3 Connecticut,O157:H7,741,4842,0.957,0.9109999999999999,58.0,41.0,5.59,50.45,"5,155","5,417",103
17,28,2005,1,Connecticut,Food,7,3.0,0.0,2005 1 Connecticut,O157:H7,741,4842,0.957,0.9109999999999999,40.0,25.0,5.59,50.45,"5,155","5,417",103
18,32,2016,10,Connecticut,Food,5,2.0,0.0,2016 10 Connecticut,O157:H7,741,4842,0.957,0.9109999999999999,53.0,38.0,5.59,50.45,"5,155","5,417",103
19,33,2009,7,Ohio,Other,3,1.0,0.0,2009 7 Ohio,O157:H7,284,40861,0.917,0.8740000000000001,84.0,63.0,5.59,50.45,"5,155","5,417",103
20,35,2010,7,Ohio,Food,8,3.0,0.0,2010 7 Ohio,O157:H7,284,40861,0.917,0.8740000000000001,84.0,63.0,5.59,50.45,"5,155","5,417",103
21,36,2012,7,Ohio,Food,77,14.0,1.0,2012 7 Ohio,O157:H7,284,40861,0.917,0.8740000000000001,84.0,63.0,5.59,50.45,"5,155","5,417",103
22,39,2014,7,Ohio,Other,2,1.0,0.0,2014 7 Ohio,O157:H7,284,40861,0.917,0.8740000000000001,84.0,63.0,5.59,50.45,"5,155","5,417",103
23,41,1999,7,Ohio,Food,18,11.0,,1999 7 Ohio,O157:H7,284,40861,0.917,0.8740000000000001,84.0,63.0,5.59,50.45,"5,155","5,417",103
24,44,2016,7,Ohio,Other,4,1.0,0.0,2016 7 Ohio,O157:H7,284,40861,0.917,0.8740000000000001,84.0,63.0,5.59,50.45,"5,155","5,417",103
25,46,2017,7,Ohio,Food,37,2.0,0.0,2017 7 Ohio,O157:H7,284,40861,0.917,0.8740000000000001,84.0,63.0,5.59,50.45,"5,155","5,417",103
26,47,2011,6,Ohio,Other,2,1.0,0.0,2011 6 Ohio,O157:H7,284,40861,0.917,0.8740000000000001,85.0,65.0,5.59,50.45,"5,155","5,417",103
27,48,2013,6,Ohio,Food,5,3.0,0.0,2013 6 Ohio,O157:H7,284,40861,0.917,0.8740000000000001,85.0,65.0,5.59,50.45,"5,155","5,417",103
28,51,2004,6,Ohio,Food,8,3.0,0.0,2004 6 Ohio,O157:H7,284,40861,0.917,0.8740000000000001,85.0,65.0,5.59,50.45,"5,155","5,417",103
29,52,2009,6,Ohio,Food,2,2.0,0.0,2009 6 Ohio,O157:H7,284,40861,0.917,0.8740000000000001,85.0,65.0,5.59,50.45,"5,155","5,417",103
30,53,2016,6,Ohio,Other,2,0.0,0.0,2016 6 Ohio,O157:H7,284,40861,0.917,0.8740000000000001,85.0,65.0,5.59,50.45,"5,155","5,417",103
31,54,2011,8,Ohio,Other,3,1.0,0.0,2011 8 Ohio,O157:H7,284,40861,0.917,0.8740000000000001,77.0,56.0,5.59,50.45,"5,155","5,417",103
32,55,2009,8,Ohio,Food,11,4.0,0.0,2009 8 Ohio,O157:H7,284,40861,0.917,0.8740000000000001,77.0,56.0,5.59,50.45,"5,155","5,417",103
33,56,2012,8,Ohio,Other,7,0.0,0.0,2012 8 Ohio,O157:H7,284,40861,0.917,0.8740000000000001,77.0,56.0,5.59,50.45,"5,155","5,417",103
34,58,2014,8,Ohio,Other,7,3.0,0.0,2014 8 Ohio,O157:H7,284,40861,0.917,0.8740000000000001,77.0,56.0,5.59,50.45,"5,155","5,417",103
35,59,2014,8,Ohio,Other,3,0.0,0.0,2014 8 Ohio,O157:H7,284,40861,0.917,0.8740000000000001,77.0,56.0,5.59,50.45,"5,155","5,417",103
36,60,2005,8,Ohio,Food,18,6.0,1.0,2005 8 Ohio,O157:H7,284,40861,0.917,0.8740000000000001,77.0,56.0,5.59,50.45,"5,155","5,417",103
37,63,2011,9,Ohio,Food,4,1.0,0.0,2011 9 Ohio,O157:H7,284,40861,0.917,0.8740000000000001,65.0,44.0,5.59,50.45,"5,155","5,417",103
38,64,2011,9,Ohio,Other,3,2.0,1.0,2011 9 Ohio,O157:H7,284,40861,0.917,0.8740000000000001,65.0,44.0,5.59,50.45,"5,155","5,417",103
39,65,2002,9,Ohio,Food,13,5.0,0.0,2002 9 Ohio,O157:H7,284,40861,0.917,0.8740000000000001,65.0,44.0,5.59,50.45,"5,155","5,417",103
40,66,2015,9,Ohio,Other,4,4.0,0.0,2015 9 Ohio,O157:H7,284,40861,0.917,0.8740000000000001,65.0,44.0,5.59,50.45,"5,155","5,417",103
41,67,2010,9,Ohio,Other,5,0.0,0.0,2010 9 Ohio,O157:H7,284,40861,0.917,0.8740000000000001,65.0,44.0,5.59,50.45,"5,155","5,417",103
42,68,2009,4,Ohio,Food,3,2.0,0.0,2009 4 Ohio,O157:H7,284,40861,0.917,0.8740000000000001,73.0,52.0,5.59,50.45,"5,155","5,417",103
43,69,2006,4,Ohio,Food,7,5.0,0.0,2006 4 Ohio,O157:H7,284,40861,0.917,0.8740000000000001,73.0,52.0,5.59,50.45,"5,155","5,417",103
44,70,1999,4,Ohio,Food,12,1.0,0.0,1999 4 Ohio,O157:H7,284,40861,0.917,0.8740000000000001,73.0,52.0,5.59,50.45,"5,155","5,417",103
45,71,2014,2,Ohio,Other,3,0.0,0.0,2014 2 Ohio,O157:H7,284,40861,0.917,0.8740000000000001,52.0,32.0,5.59,50.45,"5,155","5,417",103
46,73,2011,2,Ohio,Other,3,1.0,0.0,2011 2 Ohio,O157:H7,284,40861,0.917,0.8740000000000001,52.0,32.0,5.59,50.45,"5,155","5,417",103
47,76,2014,1,Ohio,Other,3,1.0,0.0,2014 1 Ohio,O157:H7,284,40861,0.917,0.8740000000000001,40.0,24.0,5.59,50.45,"5,155","5,417",103
48,77,2015,1,Ohio,Other,3,0.0,0.0,2015 1 Ohio,O157:H7,284,40861,0.917,0.8740000000000001,40.0,24.0,5.59,50.45,"5,155","5,417",103
49,78,2017,1,Ohio,Other,4,2.0,0.0,2017 1 Ohio,O157:H7,284,40861,0.917,0.8740000000000001,40.0,24.0,5.59,50.45,"5,155","5,417",103
50,80,2014,5,Ohio,Other,4,0.0,0.0,2014 5 Ohio,O157:H7,284,40861,0.917,0.8740000000000001,82.0,61.0,5.59,50.45,"5,155","5,417",103
51,84,1999,10,Ohio,Food,47,23.0,0.0,1999 10 Ohio,O157:H7,284,40861,0.917,0.8740000000000001,52.0,35.0,5.59,50.45,"5,155","5,417",103
52,85,2003,10,Ohio,Food,10,1.0,0.0,2003 10 Ohio,O157:H7,284,40861,0.917,0.8740000000000001,52.0,35.0,5.59,50.45,"5,155","5,417",103
53,87,2002,11,Ohio,Food,5,1.0,0.0,2002 11 Ohio,O157:H7,284,40861,0.917,0.8740000000000001,41.0,26.0,5.59,50.45,"5,155","5,417",103
54,89,2011,5,Louisiana,Other,8,4.0,0.0,2011 5 Louisiana,O157:H7,108,43204,0.89,0.8490000000000001,89.0,74.0,5.59,50.45,"5,155","5,417",103
55,90,2011,11,Louisiana,Other,2,2.0,0.0,2011 11 Louisiana,O157:H7,108,43204,0.89,0.8490000000000001,64.0,47.0,5.59,50.45,"5,155","5,417",103
56,91,2012,11,Louisiana,Other,3,0.0,0.0,2012 11 Louisiana,O157:H7,108,43204,0.89,0.8490000000000001,64.0,47.0,5.59,50.45,"5,155","5,417",103
57,93,2012,8,Louisiana,Food,3,2.0,0.0,2012 8 Louisiana,O157:H7,108,43204,0.89,0.8490000000000001,87.0,72.0,5.59,50.45,"5,155","5,417",103
58,94,2013,10,Louisiana,Other,3,1.0,0.0,2013 10 Louisiana,O157:H7,108,43204,0.89,0.8490000000000001,72.0,53.0,5.59,50.45,"5,155","5,417",103
59,95,2015,3,Louisiana,Other,15,12.0,0.0,2015 3 Louisiana,O157:H7,108,43204,0.89,0.8490000000000001,78.0,60.0,5.59,50.45,"5,155","5,417",103
60,97,2002,5,New York,Food,2,1.0,,2002 5 New York,O157:H7,420,47126,0.946,0.888,79.0,64.0,5.59,50.45,"5,155","5,417",103
61,98,2006,5,New York,Food,3,2.0,0.0,2006 5 New York,O157:H7,420,47126,0.946,0.888,79.0,64.0,5.59,50.45,"5,155","5,417",103
62,100,2000,3,New York,Food,43,2.0,,2000 3 New York,O157:H7,420,47126,0.946,0.888,60.0,44.0,5.59,50.45,"5,155","5,417",103
63,101,2006,3,New York,Food,6,4.0,0.0,2006 3 New York,O157:H7,420,47126,0.946,0.888,60.0,44.0,5.59,50.45,"5,155","5,417",103
64,102,2011,3,New York,Food,2,2.0,0.0,2011 3 New York,O157:H7,420,47126,0.946,0.888,60.0,44.0,5.59,50.45,"5,155","5,417",103
65,103,2011,7,New York,Food,2,1.0,0.0,2011 7 New York,O157:H7,420,47126,0.946,0.888,83.0,69.0,5.59,50.45,"5,155","5,417",103
66,104,2009,7,New York,Food,2,0.0,0.0,2009 7 New York,O157:H7,420,47126,0.946,0.888,83.0,69.0,5.59,50.45,"5,155","5,417",103
67,105,2009,7,New York,Food,2,2.0,0.0,2009 7 New York,O157:H7,420,47126,0.946,0.888,83.0,69.0,5.59,50.45,"5,155","5,417",103
68,106,2009,7,New York,Food,3,1.0,0.0,2009 7 New York,O157:H7,420,47126,0.946,0.888,83.0,69.0,5.59,50.45,"5,155","5,417",103
69,107,2000,7,New York,Food,2,,,2000 7 New York,O157:H7,420,47126,0.946,0.888,83.0,69.0,5.59,50.45,"5,155","5,417",103
70,108,2001,7,New York,Food,9,,,2001 7 New York,O157:H7,420,47126,0.946,0.888,83.0,69.0,5.59,50.45,"5,155","5,417",103
71,109,2007,7,New York,Food,3,2.0,0.0,2007 7 New York,O157:H7,420,47126,0.946,0.888,83.0,69.0,5.59,50.45,"5,155","5,417",103
72,110,2007,7,New York,Food,2,2.0,0.0,2007 7 New York,O157:H7,420,47126,0.946,0.888,83.0,69.0,5.59,50.45,"5,155","5,417",103
73,111,2008,7,New York,Food,8,8.0,0.0,2008 7 New York,O157:H7,420,47126,0.946,0.888,83.0,69.0,5.59,50.45,"5,155","5,417",103
74,112,2009,8,New York,Food,2,1.0,0.0,2009 8 New York,O157:H7,420,47126,0.946,0.888,76.0,61.0,5.59,50.45,"5,155","5,417",103
75,113,1998,8,New York,Food,5,,,1998 8 New York,O157:H7,420,47126,0.946,0.888,76.0,61.0,5.59,50.45,"5,155","5,417",103
76,114,1998,8,New York,Food,19,1.0,0.0,1998 8 New York,O157:H7,420,47126,0.946,0.888,76.0,61.0,5.59,50.45,"5,155","5,417",103
77,115,2001,8,New York,Food,2,,,2001 8 New York,O157:H7,420,47126,0.946,0.888,76.0,61.0,5.59,50.45,"5,155","5,417",103
78,117,2005,10,New York,Food,3,0.0,0.0,2005 10 New York,O157:H7,420,47126,0.946,0.888,54.0,41.0,5.59,50.45,"5,155","5,417",103
79,118,2011,10,New York,Other,2,1.0,0.0,2011 10 New York,O157:H7,420,47126,0.946,0.888,54.0,41.0,5.59,50.45,"5,155","5,417",103
80,121,2000,9,New York,Food,18,3.0,,2000 9 New York,O157:H7,420,47126,0.946,0.888,65.0,50.0,5.59,50.45,"5,155","5,417",103
81,123,2008,9,New York,Food,8,5.0,0.0,2008 9 New York,O157:H7,420,47126,0.946,0.888,65.0,50.0,5.59,50.45,"5,155","5,417",103
82,124,2010,6,New York,Food,3,1.0,1.0,2010 6 New York,O157:H7,420,47126,0.946,0.888,85.0,70.0,5.59,50.45,"5,155","5,417",103
83,125,2015,6,New York,Food,2,1.0,0.0,2015 6 New York,O157:H7,420,47126,0.946,0.888,85.0,70.0,5.59,50.45,"5,155","5,417",103
84,126,2004,11,New York,Food,2,2.0,1.0,2004 11 New York,O157:H7,420,47126,0.946,0.888,44.0,32.0,5.59,50.45,"5,155","5,417",103
85,127,2005,1,New York,Food,2,2.0,0.0,2005 1 New York,O157:H7,420,47126,0.946,0.888,42.0,29.0,5.59,50.45,"5,155","5,417",103
86,128,2006,1,New York,Food,2,2.0,0.0,2006 1 New York,O157:H7,420,47126,0.946,0.888,42.0,29.0,5.59,50.45,"5,155","5,417",103
87,129,2011,1,New York,Food,2,1.0,0.0,2011 1 New York,O157:H7,420,47126,0.946,0.888,42.0,29.0,5.59,50.45,"5,155","5,417",103
88,130,2011,2,New York,Food,2,0.0,0.0,2011 2 New York,O157:H7,420,47126,0.946,0.888,50.0,35.0,5.59,50.45,"5,155","5,417",103
89,131,2010,7,Arizona,Food,16,5.0,0.0,2010 7 Arizona,O157:H7,60,113594,0.913,0.875,104.0,83.0,5.59,50.45,"5,155","5,417",103
90,132,2013,7,Arizona,Food,94,22.0,0.0,2013 7 Arizona,O157:H7,60,113594,0.913,0.875,104.0,83.0,5.59,50.45,"5,155","5,417",103
91,133,2013,8,Arizona,Other,8,3.0,0.0,2013 8 Arizona,O157:H7,60,113594,0.913,0.875,100.0,77.0,5.59,50.45,"5,155","5,417",103
92,135,2010,4,Arizona,Other,5,1.0,0.0,2010 4 Arizona,O157:H7,60,113594,0.913,0.875,95.0,69.0,5.59,50.45,"5,155","5,417",103
93,139,2013,10,Colorado,Food,9,1.0,0.0,2013 10 Colorado,O157:H7,52,103642,0.947,0.9059999999999999,52.0,25.0,5.59,50.45,"5,155","5,417",103
94,140,2010,10,Colorado,Other,6,1.0,0.0,2010 10 Colorado,O157:H7,52,103642,0.947,0.9059999999999999,52.0,25.0,5.59,50.45,"5,155","5,417",103
95,142,2014,6,Colorado,Other,3,1.0,0.0,2014 6 Colorado,O157:H7,52,103642,0.947,0.9059999999999999,90.0,59.0,5.59,50.45,"5,155","5,417",103
96,145,2000,6,Colorado,Food,16,6.0,1.0,2000 6 Colorado,O157:H7,52,103642,0.947,0.9059999999999999,90.0,59.0,5.59,50.45,"5,155","5,417",103
97,146,2000,6,Colorado,Food,7,5.0,0.0,2000 6 Colorado,O157:H7,52,103642,0.947,0.9059999999999999,90.0,59.0,5.59,50.45,"5,155","5,417",103
98,147,2010,6,Colorado,Food,30,2.0,0.0,2010 6 Colorado,O157:H7,52,103642,0.947,0.9059999999999999,90.0,59.0,5.59,50.45,"5,155","5,417",103
99,148,2015,6,Colorado,Food,6,0.0,0.0,2015 6 Colorado,O157:H7,52,103642,0.947,0.9059999999999999,90.0,59.0,5.59,50.45,"5,155","5,417",103
100,149,2015,6,Colorado,Food,16,5.0,0.0,2015 6 Colorado,O157:H7,52,103642,0.947,0.9059999999999999,90.0,59.0,5.59,50.45,"5,155","5,417",103
101,152,2001,7,Colorado,Food,13,5.0,0.0,2001 7 Colorado,O157:H7,52,103642,0.947,0.9059999999999999,88.0,57.0,5.59,50.45,"5,155","5,417",103
102,153,2003,7,Colorado,Food,2,2.0,0.0,2003 7 Colorado,O157:H7,52,103642,0.947,0.9059999999999999,88.0,57.0,5.59,50.45,"5,155","5,417",103
103,156,2004,7,Colorado,Food,4,1.0,0.0,2004 7 Colorado,O157:H7,52,103642,0.947,0.9059999999999999,88.0,57.0,5.59,50.45,"5,155","5,417",103
104,157,2006,7,Colorado,Food,20,3.0,0.0,2006 7 Colorado,O157:H7,52,103642,0.947,0.9059999999999999,88.0,57.0,5.59,50.45,"5,155","5,417",103
105,161,2008,7,Colorado,Food,3,1.0,0.0,2008 7 Colorado,O157:H7,52,103642,0.947,0.9059999999999999,88.0,57.0,5.59,50.45,"5,155","5,417",103
106,162,2017,7,Colorado,Other,18,3.0,0.0,2017 7 Colorado,O157:H7,52,103642,0.947,0.9059999999999999,88.0,57.0,5.59,50.45,"5,155","5,417",103
107,164,2012,9,Colorado,Other,5,3.0,0.0,2012 9 Colorado,O157:H7,52,103642,0.947,0.9059999999999999,66.0,37.0,5.59,50.45,"5,155","5,417",103
108,165,1999,9,Colorado,Food,9,0.0,0.0,1999 9 Colorado,O157:H7,52,103642,0.947,0.9059999999999999,66.0,37.0,5.59,50.45,"5,155","5,417",103
109,166,2007,9,Colorado,Food,2,0.0,0.0,2007 9 Colorado,O157:H7,52,103642,0.947,0.9059999999999999,66.0,37.0,5.59,50.45,"5,155","5,417",103
110,171,2009,1,Colorado,Other,19,6.0,0.0,2009 1 Colorado,O157:H7,52,103642,0.947,0.9059999999999999,46.0,19.0,5.59,50.45,"5,155","5,417",103
111,174,2009,5,Colorado,Food,3,2.0,0.0,2009 5 Colorado,O157:H7,52,103642,0.947,0.9059999999999999,82.0,52.0,5.59,50.45,"5,155","5,417",103
112,176,2008,5,Colorado,Food,2,2.0,0.0,2008 5 Colorado,O157:H7,52,103642,0.947,0.9059999999999999,82.0,52.0,5.59,50.45,"5,155","5,417",103
113,178,2016,5,Colorado,Food,9,1.0,0.0,2016 5 Colorado,O157:H7,52,103642,0.947,0.9059999999999999,82.0,52.0,5.59,50.45,"5,155","5,417",103
114,179,2013,8,Colorado,Other,5,2.0,0.0,2013 8 Colorado,O157:H7,52,103642,0.947,0.9059999999999999,79.0,48.0,5.59,50.45,"5,155","5,417",103
115,182,2009,8,Colorado,Other,9,1.0,0.0,2009 8 Colorado,O157:H7,52,103642,0.947,0.9059999999999999,79.0,48.0,5.59,50.45,"5,155","5,417",103
116,184,2008,8,Colorado,Food,5,3.0,0.0,2008 8 Colorado,O157:H7,52,103642,0.947,0.9059999999999999,79.0,48.0,5.59,50.45,"5,155","5,417",103
117,185,2016,8,Colorado,Other,5,0.0,0.0,2016 8 Colorado,O157:H7,52,103642,0.947,0.9059999999999999,79.0,48.0,5.59,50.45,"5,155","5,417",103
118,186,2009,2,Colorado,Other,13,0.0,0.0,2009 2 Colorado,O157:H7,52,103642,0.947,0.9059999999999999,54.0,27.0,5.59,50.45,"5,155","5,417",103
119,187,2010,3,Colorado,Food,2,1.0,0.0,2010 3 Colorado,O157:H7,52,103642,0.947,0.9059999999999999,61.0,34.0,5.59,50.45,"5,155","5,417",103
120,194,2011,9,Idaho,Food,5,1.0,0.0,2011 9 Idaho,O157:H7,20,82643,0.911,0.872,65.0,41.0,5.59,50.45,"5,155","5,417",103
121,195,2011,9,Idaho,Other,2,2.0,0.0,2011 9 Idaho,O157:H7,20,82643,0.911,0.872,65.0,41.0,5.59,50.45,"5,155","5,417",103
122,196,2013,9,Idaho,Food,4,1.0,1.0,2013 9 Idaho,O157:H7,20,82643,0.911,0.872,65.0,41.0,5.59,50.45,"5,155","5,417",103
123,198,2015,9,Idaho,Food,15,3.0,0.0,2015 9 Idaho,O157:H7,20,82643,0.911,0.872,65.0,41.0,5.59,50.45,"5,155","5,417",103
124,199,2010,10,Idaho,Food,3,3.0,0.0,2010 10 Idaho,O157:H7,20,82643,0.911,0.872,48.0,32.0,5.59,50.45,"5,155","5,417",103
125,200,1999,10,Idaho,Food,33,3.0,0.0,1999 10 Idaho,O157:H7,20,82643,0.911,0.872,48.0,32.0,5.59,50.45,"5,155","5,417",103
126,202,2017,3,Idaho,Other,3,1.0,0.0,2017 3 Idaho,O157:H7,20,82643,0.911,0.872,62.0,39.0,5.59,50.45,"5,155","5,417",103
127,203,2013,8,Idaho,Other,2,0.0,0.0,2013 8 Idaho,O157:H7,20,82643,0.911,0.872,79.0,51.0,5.59,50.45,"5,155","5,417",103
128,205,2006,11,Idaho,Food,4,0.0,0.0,2006 11 Idaho,O157:H7,20,82643,0.911,0.872,38.0,24.0,5.59,50.45,"5,155","5,417",103
129,206,2009,7,Oregon,Other,3,0.0,0.0,2009 7 Oregon,O157:H7,41,95988,0.934,0.882,82.0,53.0,5.59,50.45,"5,155","5,417",103
130,207,2011,7,Oregon,Other,2,0.0,0.0,2011 7 Oregon,O157:H7,41,95988,0.934,0.882,82.0,53.0,5.59,50.45,"5,155","5,417",103
131,208,2011,7,Oregon,Food,15,7.0,2.0,2011 7 Oregon,O157:H7,41,95988,0.934,0.882,82.0,53.0,5.59,50.45,"5,155","5,417",103
132,209,2013,7,Oregon,Other,2,2.0,,2013 7 Oregon,O157:H7,41,95988,0.934,0.882,82.0,53.0,5.59,50.45,"5,155","5,417",103
133,212,2014,7,Oregon,Other,3,0.0,0.0,2014 7 Oregon,O157:H7,41,95988,0.934,0.882,82.0,53.0,5.59,50.45,"5,155","5,417",103
134,215,2011,8,Oregon,Other,2,0.0,,2011 8 Oregon,O157:H7,41,95988,0.934,0.882,77.0,48.0,5.59,50.45,"5,155","5,417",103
135,217,2009,8,Oregon,Other,2,0.0,0.0,2009 8 Oregon,O157:H7,41,95988,0.934,0.882,77.0,48.0,5.59,50.45,"5,155","5,417",103
136,218,2013,8,Oregon,Other,2,,,2013 8 Oregon,O157:H7,41,95988,0.934,0.882,77.0,48.0,5.59,50.45,"5,155","5,417",103
137,220,2014,8,Oregon,Other,2,2.0,1.0,2014 8 Oregon,O157:H7,41,95988,0.934,0.882,77.0,48.0,5.59,50.45,"5,155","5,417",103
138,221,2000,8,Oregon,Food,37,4.0,0.0,2000 8 Oregon,O157:H7,41,95988,0.934,0.882,77.0,48.0,5.59,50.45,"5,155","5,417",103
139,222,2003,8,Oregon,Food,12,2.0,0.0,2003 8 Oregon,O157:H7,41,95988,0.934,0.882,77.0,48.0,5.59,50.45,"5,155","5,417",103
140,223,2010,8,Oregon,Other,3,1.0,0.0,2010 8 Oregon,O157:H7,41,95988,0.934,0.882,77.0,48.0,5.59,50.45,"5,155","5,417",103
141,224,2010,8,Oregon,Other,3,2.0,0.0,2010 8 Oregon,O157:H7,41,95988,0.934,0.882,77.0,48.0,5.59,50.45,"5,155","5,417",103
142,225,2016,8,Oregon,Other,3,3.0,0.0,2016 8 Oregon,O157:H7,41,95988,0.934,0.882,77.0,48.0,5.59,50.45,"5,155","5,417",103
143,228,2011,10,Oregon,Other,2,1.0,,2011 10 Oregon,O157:H7,41,95988,0.934,0.882,53.0,38.0,5.59,50.45,"5,155","5,417",103
144,229,2012,10,Oregon,Food,4,1.0,0.0,2012 10 Oregon,O157:H7,41,95988,0.934,0.882,53.0,38.0,5.59,50.45,"5,155","5,417",103
145,230,2014,10,Oregon,Other,2,0.0,0.0,2014 10 Oregon,O157:H7,41,95988,0.934,0.882,53.0,38.0,5.59,50.45,"5,155","5,417",103
146,231,2005,10,Oregon,Food,64,1.0,0.0,2005 10 Oregon,O157:H7,41,95988,0.934,0.882,53.0,38.0,5.59,50.45,"5,155","5,417",103
147,235,2012,4,Oregon,Food,16,4.0,0.0,2012 4 Oregon,O157:H7,41,95988,0.934,0.882,68.0,45.0,5.59,50.45,"5,155","5,417",103
148,238,2010,6,Oregon,Food,4,4.0,0.0,2010 6 Oregon,O157:H7,41,95988,0.934,0.882,82.0,53.0,5.59,50.45,"5,155","5,417",103
149,241,2010,6,Oregon,Other,11,2.0,0.0,2010 6 Oregon,O157:H7,41,95988,0.934,0.882,82.0,53.0,5.59,50.45,"5,155","5,417",103
150,242,2009,9,Oregon,Other,4,1.0,0.0,2009 9 Oregon,O157:H7,41,95988,0.934,0.882,64.0,42.0,5.59,50.45,"5,155","5,417",103
151,243,2009,9,Oregon,Other,4,2.0,0.0,2009 9 Oregon,O157:H7,41,95988,0.934,0.882,64.0,42.0,5.59,50.45,"5,155","5,417",103
152,245,2001,9,Oregon,Food,8,0.0,0.0,2001 9 Oregon,O157:H7,41,95988,0.934,0.882,64.0,42.0,5.59,50.45,"5,155","5,417",103
153,246,2010,9,Oregon,Other,7,3.0,0.0,2010 9 Oregon,O157:H7,41,95988,0.934,0.882,64.0,42.0,5.59,50.45,"5,155","5,417",103
154,249,2003,5,Oregon,Food,3,1.0,0.0,2003 5 Oregon,O157:H7,41,95988,0.934,0.882,74.0,49.0,5.59,50.45,"5,155","5,417",103
155,250,2006,5,Oregon,Food,4,2.0,0.0,2006 5 Oregon,O157:H7,41,95988,0.934,0.882,74.0,49.0,5.59,50.45,"5,155","5,417",103
156,251,2006,11,Oregon,Food,3,1.0,0.0,2006 11 Oregon,O157:H7,41,95988,0.934,0.882,46.0,34.0,5.59,50.45,"5,155","5,417",103
157,252,2007,3,Oregon,Food,2,2.0,0.0,2007 3 Oregon,O157:H7,41,95988,0.934,0.882,61.0,40.0,5.59,50.45,"5,155","5,417",103
158,253,2011,4,Wisconsin,Food,13,3.0,0.0,2011 4 Wisconsin,O157:H7,106,54158,0.932,0.8859999999999999,65.0,47.0,5.59,50.45,"5,155","5,417",103
159,256,2011,7,Wisconsin,Other,19,5.0,1.0,2011 7 Wisconsin,O157:H7,106,54158,0.932,0.8859999999999999,78.0,63.0,5.59,50.45,"5,155","5,417",103
160,257,2012,7,Wisconsin,Other,7,3.0,0.0,2012 7 Wisconsin,O157:H7,106,54158,0.932,0.8859999999999999,78.0,63.0,5.59,50.45,"5,155","5,417",103
161,259,2000,7,Wisconsin,Food,736,23.0,1.0,2000 7 Wisconsin,O157:H7,106,54158,0.932,0.8859999999999999,78.0,63.0,5.59,50.45,"5,155","5,417",103
162,260,2000,7,Wisconsin,Food,52,0.0,0.0,2000 7 Wisconsin,O157:H7,106,54158,0.932,0.8859999999999999,78.0,63.0,5.59,50.45,"5,155","5,417",103
163,266,2017,7,Wisconsin,Other,2,1.0,0.0,2017 7 Wisconsin,O157:H7,106,54158,0.932,0.8859999999999999,78.0,63.0,5.59,50.45,"5,155","5,417",103
164,267,2011,8,Wisconsin,Other,14,1.0,0.0,2011 8 Wisconsin,O157:H7,106,54158,0.932,0.8859999999999999,71.0,55.0,5.59,50.45,"5,155","5,417",103
165,269,2000,8,Wisconsin,Food,6,3.0,0.0,2000 8 Wisconsin,O157:H7,106,54158,0.932,0.8859999999999999,71.0,55.0,5.59,50.45,"5,155","5,417",103
166,270,2001,8,Wisconsin,Food,55,6.0,0.0,2001 8 Wisconsin,O157:H7,106,54158,0.932,0.8859999999999999,71.0,55.0,5.59,50.45,"5,155","5,417",103
167,271,2002,8,Wisconsin,Food,19,11.0,0.0,2002 8 Wisconsin,O157:H7,106,54158,0.932,0.8859999999999999,71.0,55.0,5.59,50.45,"5,155","5,417",103
168,272,2010,8,Wisconsin,Other,7,3.0,0.0,2010 8 Wisconsin,O157:H7,106,54158,0.932,0.8859999999999999,71.0,55.0,5.59,50.45,"5,155","5,417",103
169,279,2009,6,Wisconsin,Other,7,1.0,0.0,2009 6 Wisconsin,O157:H7,106,54158,0.932,0.8859999999999999,80.0,64.0,5.59,50.45,"5,155","5,417",103
170,280,1998,6,Wisconsin,Food,47,10.0,0.0,1998 6 Wisconsin,O157:H7,106,54158,0.932,0.8859999999999999,80.0,64.0,5.59,50.45,"5,155","5,417",103
171,281,1998,6,Wisconsin,Food,63,24.0,0.0,1998 6 Wisconsin,O157:H7,106,54158,0.932,0.8859999999999999,80.0,64.0,5.59,50.45,"5,155","5,417",103
172,288,2011,10,Wisconsin,Other,6,3.0,0.0,2011 10 Wisconsin,O157:H7,106,54158,0.932,0.8859999999999999,46.0,32.0,5.59,50.45,"5,155","5,417",103
173,289,2011,10,Wisconsin,Food,4,1.0,0.0,2011 10 Wisconsin,O157:H7,106,54158,0.932,0.8859999999999999,46.0,32.0,5.59,50.45,"5,155","5,417",103
174,290,2012,10,Wisconsin,Other,2,1.0,0.0,2012 10 Wisconsin,O157:H7,106,54158,0.932,0.8859999999999999,46.0,32.0,5.59,50.45,"5,155","5,417",103
175,291,2000,10,Wisconsin,Food,29,4.0,0.0,2000 10 Wisconsin,O157:H7,106,54158,0.932,0.8859999999999999,46.0,32.0,5.59,50.45,"5,155","5,417",103
176,292,2001,10,Wisconsin,Food,34,6.0,0.0,2001 10 Wisconsin,O157:H7,106,54158,0.932,0.8859999999999999,46.0,32.0,5.59,50.45,"5,155","5,417",103
177,293,2013,3,Wisconsin,Food,3,1.0,0.0,2013 3 Wisconsin,O157:H7,106,54158,0.932,0.8859999999999999,54.0,37.0,5.59,50.45,"5,155","5,417",103
178,296,1998,11,Wisconsin,Food,13,3.0,0.0,1998 11 Wisconsin,O157:H7,106,54158,0.932,0.8859999999999999,33.0,20.0,5.59,50.45,"5,155","5,417",103
179,299,2011,4,Tennessee,Other,9,2.0,0.0,2011 4 Tennessee,O157:H7,160,41235,0.897,0.851,81.0,62.0,5.59,50.45,"5,155","5,417",103
180,301,2012,4,Tennessee,Other,8,2.0,0.0,2012 4 Tennessee,O157:H7,160,41235,0.897,0.851,81.0,62.0,5.59,50.45,"5,155","5,417",103
181,302,1999,4,Tennessee,Food,30,2.0,0.0,1999 4 Tennessee,O157:H7,160,41235,0.897,0.851,81.0,62.0,5.59,50.45,"5,155","5,417",103
182,303,2002,4,Tennessee,Food,26,2.0,0.0,2002 4 Tennessee,O157:H7,160,41235,0.897,0.851,81.0,62.0,5.59,50.45,"5,155","5,417",103
183,304,2016,4,Tennessee,Other,22,4.0,0.0,2016 4 Tennessee,O157:H7,160,41235,0.897,0.851,81.0,62.0,5.59,50.45,"5,155","5,417",103
184,306,2013,5,Tennessee,Other,2,1.0,0.0,2013 5 Tennessee,O157:H7,160,41235,0.897,0.851,89.0,70.0,5.59,50.45,"5,155","5,417",103
185,309,2008,5,Tennessee,Food,6,4.0,0.0,2008 5 Tennessee,O157:H7,160,41235,0.897,0.851,89.0,70.0,5.59,50.45,"5,155","5,417",103
186,310,2013,6,Tennessee,Food,7,3.0,0.0,2013 6 Tennessee,O157:H7,160,41235,0.897,0.851,92.0,74.0,5.59,50.45,"5,155","5,417",103
187,313,2010,6,Tennessee,Other,14,4.0,0.0,2010 6 Tennessee,O157:H7,160,41235,0.897,0.851,92.0,74.0,5.59,50.45,"5,155","5,417",103
188,315,2013,7,Tennessee,Other,34,0.0,0.0,2013 7 Tennessee,O157:H7,160,41235,0.897,0.851,91.0,73.0,5.59,50.45,"5,155","5,417",103
189,316,2013,10,Tennessee,Food,9,5.0,0.0,2013 10 Tennessee,O157:H7,160,41235,0.897,0.851,63.0,44.0,5.59,50.45,"5,155","5,417",103
190,317,2003,10,Tennessee,Food,6,0.0,0.0,2003 10 Tennessee,O157:H7,160,41235,0.897,0.851,63.0,44.0,5.59,50.45,"5,155","5,417",103
191,318,2008,10,Tennessee,Food,12,2.0,0.0,2008 10 Tennessee,O157:H7,160,41235,0.897,0.851,63.0,44.0,5.59,50.45,"5,155","5,417",103
192,321,2016,10,Tennessee,Other,4,2.0,0.0,2016 10 Tennessee,O157:H7,160,41235,0.897,0.851,63.0,44.0,5.59,50.45,"5,155","5,417",103
193,322,2010,2,Tennessee,Food,3,0.0,0.0,2010 2 Tennessee,O157:H7,160,41235,0.897,0.851,64.0,44.0,5.59,50.45,"5,155","5,417",103
194,327,2014,9,Tennessee,Other,2,2.0,0.0,2014 9 Tennessee,O157:H7,160,41235,0.897,0.851,74.0,54.0,5.59,50.45,"5,155","5,417",103
195,330,2007,8,Tennessee,Food,2,2.0,0.0,2007 8 Tennessee,O157:H7,160,41235,0.897,0.851,85.0,65.0,5.59,50.45,"5,155","5,417",103
196,333,2015,11,Tennessee,Food,13,0.0,0.0,2015 11 Tennessee,O157:H7,160,41235,0.897,0.851,52.0,35.0,5.59,50.45,"5,155","5,417",103
197,334,2011,3,Missouri,Other,3,0.0,0.0,2011 3 Missouri,O157:H7,88,68742,0.91,0.871,67.0,44.0,5.59,50.45,"5,155","5,417",103
198,335,2012,3,Missouri,Food,19,5.0,0.0,2012 3 Missouri,O157:H7,88,68742,0.91,0.871,67.0,44.0,5.59,50.45,"5,155","5,417",103
199,336,2014,3,Missouri,Other,5,1.0,0.0,2014 3 Missouri,O157:H7,88,68742,0.91,0.871,67.0,44.0,5.59,50.45,"5,155","5,417",103
200,337,2011,6,Missouri,Other,8,1.0,0.0,2011 6 Missouri,O157:H7,88,68742,0.91,0.871,88.0,68.0,5.59,50.45,"5,155","5,417",103
201,339,2013,6,Missouri,Food,6,4.0,0.0,2013 6 Missouri,O157:H7,88,68742,0.91,0.871,88.0,68.0,5.59,50.45,"5,155","5,417",103
202,341,2016,6,Missouri,Other,13,1.0,0.0,2016 6 Missouri,O157:H7,88,68742,0.91,0.871,88.0,68.0,5.59,50.45,"5,155","5,417",103
203,344,2011,9,Missouri,Other,4,2.0,0.0,2011 9 Missouri,O157:H7,88,68742,0.91,0.871,69.0,45.0,5.59,50.45,"5,155","5,417",103
204,345,2012,9,Missouri,Other,8,4.0,0.0,2012 9 Missouri,O157:H7,88,68742,0.91,0.871,69.0,45.0,5.59,50.45,"5,155","5,417",103
205,346,2016,9,Missouri,Other,26,1.0,0.0,2016 9 Missouri,O157:H7,88,68742,0.91,0.871,69.0,45.0,5.59,50.45,"5,155","5,417",103
206,347,2012,8,Missouri,Other,12,7.0,0.0,2012 8 Missouri,O157:H7,88,68742,0.91,0.871,80.0,57.0,5.59,50.45,"5,155","5,417",103
207,348,2013,8,Missouri,Food,3,2.0,0.0,2013 8 Missouri,O157:H7,88,68742,0.91,0.871,80.0,57.0,5.59,50.45,"5,155","5,417",103
208,349,2016,8,Missouri,Other,6,3.0,0.0,2016 8 Missouri,O157:H7,88,68742,0.91,0.871,80.0,57.0,5.59,50.45,"5,155","5,417",103
209,352,2009,5,Missouri,Other,12,2.0,0.0,2009 5 Missouri,O157:H7,88,68742,0.91,0.871,83.0,64.0,5.59,50.45,"5,155","5,417",103
210,353,2008,4,Missouri,Food,4,2.0,0.0,2008 4 Missouri,O157:H7,88,68742,0.91,0.871,75.0,54.0,5.59,50.45,"5,155","5,417",103
211,354,2003,4,Missouri,Food,3,3.0,0.0,2003 4 Missouri,O157:H7,88,68742,0.91,0.871,75.0,54.0,5.59,50.45,"5,155","5,417",103
212,355,2010,4,Missouri,Other,28,4.0,0.0,2010 4 Missouri,O157:H7,88,68742,0.91,0.871,75.0,54.0,5.59,50.45,"5,155","5,417",103
213,356,2000,1,Missouri,Food,8,2.0,0.0,2000 1 Missouri,O157:H7,88,68742,0.91,0.871,45.0,25.0,5.59,50.45,"5,155","5,417",103
214,357,2015,10,Missouri,Food,6,0.0,0.0,2015 10 Missouri,O157:H7,88,68742,0.91,0.871,56.0,35.0,5.59,50.45,"5,155","5,417",103
215,359,2010,11,Missouri,Other,11,3.0,1.0,2010 11 Missouri,O157:H7,88,68742,0.91,0.871,43.0,24.0,5.59,50.45,"5,155","5,417",103
216,360,2011,6,Alabama,Other,19,3.0,0.0,2011 6 Alabama,O157:H7,95,50645,0.882,0.8390000000000001,92.0,71.0,5.59,50.45,"5,155","5,417",103
217,362,2007,6,Alabama,Food,26,11.0,1.0,2007 6 Alabama,O157:H7,95,50645,0.882,0.8390000000000001,92.0,71.0,5.59,50.45,"5,155","5,417",103
218,363,2007,7,Alabama,Food,4,3.0,0.0,2007 7 Alabama,O157:H7,95,50645,0.882,0.8390000000000001,92.0,71.0,5.59,50.45,"5,155","5,417",103
219,364,2008,2,Alabama,Food,17,7.0,0.0,2008 2 Alabama,O157:H7,95,50645,0.882,0.8390000000000001,70.0,45.0,5.59,50.45,"5,155","5,417",103
220,370,2010,10,Maryland,Food,7,4.0,0.0,2010 10 Maryland,O157:H7,618,9707,0.94,0.885,58.0,43.0,5.59,50.45,"5,155","5,417",103
221,371,2016,10,Maryland,Food,5,1.0,0.0,2016 10 Maryland,O157:H7,618,9707,0.94,0.885,58.0,43.0,5.59,50.45,"5,155","5,417",103
222,372,2017,10,Maryland,Other,3,1.0,0.0,2017 10 Maryland,O157:H7,618,9707,0.94,0.885,58.0,43.0,5.59,50.45,"5,155","5,417",103
223,373,2012,7,Maryland,Food,7,2.0,0.0,2012 7 Maryland,O157:H7,618,9707,0.94,0.885,87.0,71.0,5.59,50.45,"5,155","5,417",103
224,384,1998,8,Maryland,Food,6,2.0,0.0,1998 8 Maryland,O157:H7,618,9707,0.94,0.885,80.0,64.0,5.59,50.45,"5,155","5,417",103
225,385,2002,6,Maryland,Food,5,0.0,0.0,2002 6 Maryland,O157:H7,618,9707,0.94,0.885,89.0,73.0,5.59,50.45,"5,155","5,417",103
226,386,2015,5,Maryland,Other,23,4.0,0.0,2015 5 Maryland,O157:H7,618,9707,0.94,0.885,85.0,67.0,5.59,50.45,"5,155","5,417",103
227,388,2011,6,Washington,Other,6,1.0,0.0,2011 6 Washington,O157:H7,107,66456,0.945,0.904,76.0,56.0,5.59,50.45,"5,155","5,417",103
228,389,2013,6,Washington,Other,12,2.0,0.0,2013 6 Washington,O157:H7,107,66456,0.945,0.904,76.0,56.0,5.59,50.45,"5,155","5,417",103
229,390,1999,6,Washington,Food,5,2.0,,1999 6 Washington,O157:H7,107,66456,0.945,0.904,76.0,56.0,5.59,50.45,"5,155","5,417",103
230,393,2008,6,Washington,Food,2,0.0,0.0,2008 6 Washington,O157:H7,107,66456,0.945,0.904,76.0,56.0,5.59,50.45,"5,155","5,417",103
231,394,2011,8,Washington,Food,3,3.0,0.0,2011 8 Washington,O157:H7,107,66456,0.945,0.904,71.0,52.0,5.59,50.45,"5,155","5,417",103
232,395,2004,8,Washington,Food,6,3.0,0.0,2004 8 Washington,O157:H7,107,66456,0.945,0.904,71.0,52.0,5.59,50.45,"5,155","5,417",103
233,396,2004,8,Washington,Food,3,3.0,0.0,2004 8 Washington,O157:H7,107,66456,0.945,0.904,71.0,52.0,5.59,50.45,"5,155","5,417",103
234,397,2010,8,Washington,Other,3,2.0,0.0,2010 8 Washington,O157:H7,107,66456,0.945,0.904,71.0,52.0,5.59,50.45,"5,155","5,417",103
235,400,2016,8,Washington,Food,9,3.0,0.0,2016 8 Washington,O157:H7,107,66456,0.945,0.904,71.0,52.0,5.59,50.45,"5,155","5,417",103
236,401,2016,8,Washington,Food,2,0.0,0.0,2016 8 Washington,O157:H7,107,66456,0.945,0.904,71.0,52.0,5.59,50.45,"5,155","5,417",103
237,402,2017,8,Washington,Other,3,2.0,0.0,2017 8 Washington,O157:H7,107,66456,0.945,0.904,71.0,52.0,5.59,50.45,"5,155","5,417",103
238,403,2009,5,Washington,Food,5,2.0,0.0,2009 5 Washington,O157:H7,107,66456,0.945,0.904,70.0,52.0,5.59,50.45,"5,155","5,417",103
239,405,2003,5,Washington,Food,3,0.0,0.0,2003 5 Washington,O157:H7,107,66456,0.945,0.904,70.0,52.0,5.59,50.45,"5,155","5,417",103
240,406,2004,5,Washington,Food,3,2.0,0.0,2004 5 Washington,O157:H7,107,66456,0.945,0.904,70.0,52.0,5.59,50.45,"5,155","5,417",103
241,407,2005,5,Washington,Food,3,1.0,0.0,2005 5 Washington,O157:H7,107,66456,0.945,0.904,70.0,52.0,5.59,50.45,"5,155","5,417",103
242,408,2008,5,Washington,Food,10,5.0,0.0,2008 5 Washington,O157:H7,107,66456,0.945,0.904,70.0,52.0,5.59,50.45,"5,155","5,417",103
243,409,2010,5,Washington,Food,2,1.0,0.0,2010 5 Washington,O157:H7,107,66456,0.945,0.904,70.0,52.0,5.59,50.45,"5,155","5,417",103
244,410,2012,10,Washington,Other,4,2.0,0.0,2012 10 Washington,O157:H7,107,66456,0.945,0.904,51.0,40.0,5.59,50.45,"5,155","5,417",103
245,412,1998,10,Washington,Food,11,1.0,0.0,1998 10 Washington,O157:H7,107,66456,0.945,0.904,51.0,40.0,5.59,50.45,"5,155","5,417",103
246,413,2004,10,Washington,Food,4,,,2004 10 Washington,O157:H7,107,66456,0.945,0.904,51.0,40.0,5.59,50.45,"5,155","5,417",103
247,414,2005,10,Washington,Food,9,1.0,0.0,2005 10 Washington,O157:H7,107,66456,0.945,0.904,51.0,40.0,5.59,50.45,"5,155","5,417",103
248,415,2008,10,Washington,Food,68,4.0,0.0,2008 10 Washington,O157:H7,107,66456,0.945,0.904,51.0,40.0,5.59,50.45,"5,155","5,417",103
249,416,2012,7,Washington,Other,2,1.0,0.0,2012 7 Washington,O157:H7,107,66456,0.945,0.904,76.0,56.0,5.59,50.45,"5,155","5,417",103
250,417,2009,7,Washington,Other,12,2.0,0.0,2009 7 Washington,O157:H7,107,66456,0.945,0.904,76.0,56.0,5.59,50.45,"5,155","5,417",103
251,419,2002,7,Washington,Food,55,,0.0,2002 7 Washington,O157:H7,107,66456,0.945,0.904,76.0,56.0,5.59,50.45,"5,155","5,417",103
252,420,2003,7,Washington,Food,5,1.0,0.0,2003 7 Washington,O157:H7,107,66456,0.945,0.904,76.0,56.0,5.59,50.45,"5,155","5,417",103
253,421,2015,7,Washington,Food,5,3.0,0.0,2015 7 Washington,O157:H7,107,66456,0.945,0.904,76.0,56.0,5.59,50.45,"5,155","5,417",103
254,422,2009,9,Washington,Food,3,0.0,0.0,2009 9 Washington,O157:H7,107,66456,0.945,0.904,60.0,46.0,5.59,50.45,"5,155","5,417",103
255,424,2009,9,Washington,Food,4,1.0,0.0,2009 9 Washington,O157:H7,107,66456,0.945,0.904,60.0,46.0,5.59,50.45,"5,155","5,417",103
256,425,2009,9,Washington,Food,2,1.0,0.0,2009 9 Washington,O157:H7,107,66456,0.945,0.904,60.0,46.0,5.59,50.45,"5,155","5,417",103
257,426,1998,9,Washington,Food,8,,,1998 9 Washington,O157:H7,107,66456,0.945,0.904,60.0,46.0,5.59,50.45,"5,155","5,417",103
258,427,1998,9,Washington,Food,4,1.0,0.0,1998 9 Washington,O157:H7,107,66456,0.945,0.904,60.0,46.0,5.59,50.45,"5,155","5,417",103
259,428,2001,9,Washington,Food,14,0.0,0.0,2001 9 Washington,O157:H7,107,66456,0.945,0.904,60.0,46.0,5.59,50.45,"5,155","5,417",103
260,429,2005,9,Washington,Food,4,2.0,0.0,2005 9 Washington,O157:H7,107,66456,0.945,0.904,60.0,46.0,5.59,50.45,"5,155","5,417",103
261,430,2005,9,Washington,Food,2,2.0,0.0,2005 9 Washington,O157:H7,107,66456,0.945,0.904,60.0,46.0,5.59,50.45,"5,155","5,417",103
262,431,2005,9,Washington,Food,14,5.0,2.0,2005 9 Washington,O157:H7,107,66456,0.945,0.904,60.0,46.0,5.59,50.45,"5,155","5,417",103
263,432,2006,9,Washington,Food,2,1.0,0.0,2006 9 Washington,O157:H7,107,66456,0.945,0.904,60.0,46.0,5.59,50.45,"5,155","5,417",103
264,435,2013,2,Washington,Food,3,2.0,0.0,2013 2 Washington,O157:H7,107,66456,0.945,0.904,54.0,39.0,5.59,50.45,"5,155","5,417",103
265,437,2002,11,Washington,Food,4,1.0,0.0,2002 11 Washington,O157:H7,107,66456,0.945,0.904,46.0,36.0,5.59,50.45,"5,155","5,417",103
266,438,2004,3,Washington,Food,2,2.0,0.0,2004 3 Washington,O157:H7,107,66456,0.945,0.904,58.0,42.0,5.59,50.45,"5,155","5,417",103
267,439,2010,3,Washington,Other,21,4.0,1.0,2010 3 Washington,O157:H7,107,66456,0.945,0.904,58.0,42.0,5.59,50.45,"5,155","5,417",103
268,440,2015,4,Washington,Other,40,7.0,0.0,2015 4 Washington,O157:H7,107,66456,0.945,0.904,65.0,47.0,5.59,50.45,"5,155","5,417",103
269,441,2009,3,Michigan,Food,4,1.0,0.0,2009 3 Michigan,O157:H7,175,56539,0.916,0.877,58.0,37.0,5.59,50.45,"5,155","5,417",103
270,442,2014,3,Michigan,Food,2,0.0,0.0,2014 3 Michigan,O157:H7,175,56539,0.916,0.877,58.0,37.0,5.59,50.45,"5,155","5,417",103
271,447,2004,7,Michigan,Food,3,2.0,0.0,2004 7 Michigan,O157:H7,175,56539,0.916,0.877,80.0,59.0,5.59,50.45,"5,155","5,417",103
272,448,2015,7,Michigan,Food,3,3.0,0.0,2015 7 Michigan,O157:H7,175,56539,0.916,0.877,80.0,59.0,5.59,50.45,"5,155","5,417",103
273,451,2012,8,Michigan,Food,90,10.0,0.0,2012 8 Michigan,O157:H7,175,56539,0.916,0.877,73.0,51.0,5.59,50.45,"5,155","5,417",103
274,452,2016,8,Michigan,Food,4,2.0,0.0,2016 8 Michigan,O157:H7,175,56539,0.916,0.877,73.0,51.0,5.59,50.45,"5,155","5,417",103
275,456,2013,4,Michigan,Food,20,7.0,0.0,2013 4 Michigan,O157:H7,175,56539,0.916,0.877,69.0,47.0,5.59,50.45,"5,155","5,417",103
276,457,2000,4,Michigan,Food,4,3.0,0.0,2000 4 Michigan,O157:H7,175,56539,0.916,0.877,69.0,47.0,5.59,50.45,"5,155","5,417",103
277,459,2003,9,Michigan,Food,10,3.0,0.0,2003 9 Michigan,O157:H7,175,56539,0.916,0.877,60.0,41.0,5.59,50.45,"5,155","5,417",103
278,460,1998,11,Michigan,Food,4,,,1998 11 Michigan,O157:H7,175,56539,0.916,0.877,34.0,22.0,5.59,50.45,"5,155","5,417",103
279,462,2011,7,Minnesota,Food,6,1.0,0.0,2011 7 Minnesota,O157:H7,68,79627,0.95,0.9009999999999999,82.0,62.0,5.59,50.45,"5,155","5,417",103
280,463,2011,7,Minnesota,Other,4,0.0,0.0,2011 7 Minnesota,O157:H7,68,79627,0.95,0.9009999999999999,82.0,62.0,5.59,50.45,"5,155","5,417",103
281,465,2012,7,Minnesota,Other,10,0.0,0.0,2012 7 Minnesota,O157:H7,68,79627,0.95,0.9009999999999999,82.0,62.0,5.59,50.45,"5,155","5,417",103
282,466,2012,7,Minnesota,Other,12,1.0,0.0,2012 7 Minnesota,O157:H7,68,79627,0.95,0.9009999999999999,82.0,62.0,5.59,50.45,"5,155","5,417",103
283,469,2012,7,Minnesota,Other,52,2.0,0.0,2012 7 Minnesota,O157:H7,68,79627,0.95,0.9009999999999999,82.0,62.0,5.59,50.45,"5,155","5,417",103
284,471,2013,7,Minnesota,Other,3,1.0,0.0,2013 7 Minnesota,O157:H7,68,79627,0.95,0.9009999999999999,82.0,62.0,5.59,50.45,"5,155","5,417",103
285,472,2014,7,Minnesota,Food,57,9.0,0.0,2014 7 Minnesota,O157:H7,68,79627,0.95,0.9009999999999999,82.0,62.0,5.59,50.45,"5,155","5,417",103
286,473,2014,7,Minnesota,Other,15,0.0,0.0,2014 7 Minnesota,O157:H7,68,79627,0.95,0.9009999999999999,82.0,62.0,5.59,50.45,"5,155","5,417",103
287,475,2010,7,Minnesota,Food,11,4.0,0.0,2010 7 Minnesota,O157:H7,68,79627,0.95,0.9009999999999999,82.0,62.0,5.59,50.45,"5,155","5,417",103
288,476,2004,7,Minnesota,Food,70,1.0,0.0,2004 7 Minnesota,O157:H7,68,79627,0.95,0.9009999999999999,82.0,62.0,5.59,50.45,"5,155","5,417",103
289,477,2006,7,Minnesota,Food,17,9.0,1.0,2006 7 Minnesota,O157:H7,68,79627,0.95,0.9009999999999999,82.0,62.0,5.59,50.45,"5,155","5,417",103
290,478,2007,7,Minnesota,Food,26,2.0,0.0,2007 7 Minnesota,O157:H7,68,79627,0.95,0.9009999999999999,82.0,62.0,5.59,50.45,"5,155","5,417",103
291,485,2016,7,Minnesota,Other,10,2.0,0.0,2016 7 Minnesota,O157:H7,68,79627,0.95,0.9009999999999999,82.0,62.0,5.59,50.45,"5,155","5,417",103
292,486,2010,7,Minnesota,Other,5,4.0,0.0,2010 7 Minnesota,O157:H7,68,79627,0.95,0.9009999999999999,82.0,62.0,5.59,50.45,"5,155","5,417",103
293,490,2011,8,Minnesota,Other,2,0.0,0.0,2011 8 Minnesota,O157:H7,68,79627,0.95,0.9009999999999999,73.0,53.0,5.59,50.45,"5,155","5,417",103
294,491,2009,8,Minnesota,Food,6,1.0,0.0,2009 8 Minnesota,O157:H7,68,79627,0.95,0.9009999999999999,73.0,53.0,5.59,50.45,"5,155","5,417",103
295,492,2009,8,Minnesota,Food,3,1.0,0.0,2009 8 Minnesota,O157:H7,68,79627,0.95,0.9009999999999999,73.0,53.0,5.59,50.45,"5,155","5,417",103
296,493,2012,8,Minnesota,Other,6,1.0,0.0,2012 8 Minnesota,O157:H7,68,79627,0.95,0.9009999999999999,73.0,53.0,5.59,50.45,"5,155","5,417",103
297,494,2012,8,Minnesota,Other,5,1.0,0.0,2012 8 Minnesota,O157:H7,68,79627,0.95,0.9009999999999999,73.0,53.0,5.59,50.45,"5,155","5,417",103
298,495,2012,8,Minnesota,Other,4,1.0,0.0,2012 8 Minnesota,O157:H7,68,79627,0.95,0.9009999999999999,73.0,53.0,5.59,50.45,"5,155","5,417",103
299,496,2012,8,Minnesota,Other,3,0.0,0.0,2012 8 Minnesota,O157:H7,68,79627,0.95,0.9009999999999999,73.0,53.0,5.59,50.45,"5,155","5,417",103
300,497,2009,8,Minnesota,Other,3,2.0,0.0,2009 8 Minnesota,O157:H7,68,79627,0.95,0.9009999999999999,73.0,53.0,5.59,50.45,"5,155","5,417",103
301,498,2013,8,Minnesota,Food,7,2.0,0.0,2013 8 Minnesota,O157:H7,68,79627,0.95,0.9009999999999999,73.0,53.0,5.59,50.45,"5,155","5,417",103
302,499,2013,8,Minnesota,Other,11,5.0,0.0,2013 8 Minnesota,O157:H7,68,79627,0.95,0.9009999999999999,73.0,53.0,5.59,50.45,"5,155","5,417",103
303,501,2000,8,Minnesota,Food,3,0.0,0.0,2000 8 Minnesota,O157:H7,68,79627,0.95,0.9009999999999999,73.0,53.0,5.59,50.45,"5,155","5,417",103
304,504,2001,8,Minnesota,Food,5,5.0,0.0,2001 8 Minnesota,O157:H7,68,79627,0.95,0.9009999999999999,73.0,53.0,5.59,50.45,"5,155","5,417",103
305,505,2006,8,Minnesota,Food,3,1.0,0.0,2006 8 Minnesota,O157:H7,68,79627,0.95,0.9009999999999999,73.0,53.0,5.59,50.45,"5,155","5,417",103
306,506,2015,8,Minnesota,Other,4,1.0,0.0,2015 8 Minnesota,O157:H7,68,79627,0.95,0.9009999999999999,73.0,53.0,5.59,50.45,"5,155","5,417",103
307,507,2015,8,Minnesota,Other,2,1.0,0.0,2015 8 Minnesota,O157:H7,68,79627,0.95,0.9009999999999999,73.0,53.0,5.59,50.45,"5,155","5,417",103
308,509,2011,9,Minnesota,Other,2,1.0,0.0,2011 9 Minnesota,O157:H7,68,79627,0.95,0.9009999999999999,59.0,41.0,5.59,50.45,"5,155","5,417",103
309,510,2009,9,Minnesota,Other,2,0.0,0.0,2009 9 Minnesota,O157:H7,68,79627,0.95,0.9009999999999999,59.0,41.0,5.59,50.45,"5,155","5,417",103
310,511,2013,9,Minnesota,Other,2,1.0,0.0,2013 9 Minnesota,O157:H7,68,79627,0.95,0.9009999999999999,59.0,41.0,5.59,50.45,"5,155","5,417",103
311,513,2017,9,Minnesota,Food,11,4.0,0.0,2017 9 Minnesota,O157:H7,68,79627,0.95,0.9009999999999999,59.0,41.0,5.59,50.45,"5,155","5,417",103
312,516,2012,10,Minnesota,Other,3,0.0,0.0,2012 10 Minnesota,O157:H7,68,79627,0.95,0.9009999999999999,42.0,27.0,5.59,50.45,"5,155","5,417",103
313,517,2013,10,Minnesota,Other,7,2.0,0.0,2013 10 Minnesota,O157:H7,68,79627,0.95,0.9009999999999999,42.0,27.0,5.59,50.45,"5,155","5,417",103
314,518,2013,10,Minnesota,Other,2,2.0,0.0,2013 10 Minnesota,O157:H7,68,79627,0.95,0.9009999999999999,42.0,27.0,5.59,50.45,"5,155","5,417",103
315,519,2013,10,Minnesota,Other,2,0.0,0.0,2013 10 Minnesota,O157:H7,68,79627,0.95,0.9009999999999999,42.0,27.0,5.59,50.45,"5,155","5,417",103
316,524,2010,5,Minnesota,Food,8,5.0,0.0,2010 5 Minnesota,O157:H7,68,79627,0.95,0.9009999999999999,80.0,59.0,5.59,50.45,"5,155","5,417",103
317,527,2016,5,Minnesota,Other,3,0.0,0.0,2016 5 Minnesota,O157:H7,68,79627,0.95,0.9009999999999999,80.0,59.0,5.59,50.45,"5,155","5,417",103
318,529,2013,6,Minnesota,Other,2,0.0,0.0,2013 6 Minnesota,O157:H7,68,79627,0.95,0.9009999999999999,85.0,64.0,5.59,50.45,"5,155","5,417",103
319,530,2013,6,Minnesota,Other,2,0.0,0.0,2013 6 Minnesota,O157:H7,68,79627,0.95,0.9009999999999999,85.0,64.0,5.59,50.45,"5,155","5,417",103
320,531,2009,6,Minnesota,Food,4,0.0,0.0,2009 6 Minnesota,O157:H7,68,79627,0.95,0.9009999999999999,85.0,64.0,5.59,50.45,"5,155","5,417",103
321,533,1999,6,Minnesota,Food,5,1.0,0.0,1999 6 Minnesota,O157:H7,68,79627,0.95,0.9009999999999999,85.0,64.0,5.59,50.45,"5,155","5,417",103
322,534,2009,6,Minnesota,Food,2,1.0,0.0,2009 6 Minnesota,O157:H7,68,79627,0.95,0.9009999999999999,85.0,64.0,5.59,50.45,"5,155","5,417",103
323,535,2009,6,Minnesota,Food,16,3.0,0.0,2009 6 Minnesota,O157:H7,68,79627,0.95,0.9009999999999999,85.0,64.0,5.59,50.45,"5,155","5,417",103
324,536,2007,6,Minnesota,Food,3,3.0,0.0,2007 6 Minnesota,O157:H7,68,79627,0.95,0.9009999999999999,85.0,64.0,5.59,50.45,"5,155","5,417",103
325,539,2017,6,Minnesota,Other,8,0.0,0.0,2017 6 Minnesota,O157:H7,68,79627,0.95,0.9009999999999999,85.0,64.0,5.59,50.45,"5,155","5,417",103
326,540,2017,6,Minnesota,Other,8,0.0,0.0,2017 6 Minnesota,O157:H7,68,79627,0.95,0.9009999999999999,85.0,64.0,5.59,50.45,"5,155","5,417",103
327,541,2013,11,Minnesota,Other,5,2.0,0.0,2013 11 Minnesota,O157:H7,68,79627,0.95,0.9009999999999999,29.0,13.0,5.59,50.45,"5,155","5,417",103
328,547,2000,3,Minnesota,Food,18,2.0,0.0,2000 3 Minnesota,O157:H7,68,79627,0.95,0.9009999999999999,58.0,38.0,5.59,50.45,"5,155","5,417",103
329,548,2007,3,Minnesota,Food,10,7.0,0.0,2007 3 Minnesota,O157:H7,68,79627,0.95,0.9009999999999999,58.0,38.0,5.59,50.45,"5,155","5,417",103
330,551,2011,7,Pennsylvania,Other,16,9.0,0.0,2011 7 Pennsylvania,O157:H7,286,44743,0.927,0.8740000000000001,85.0,68.0,5.59,50.45,"5,155","5,417",103
331,552,2012,7,Pennsylvania,Other,2,2.0,0.0,2012 7 Pennsylvania,O157:H7,286,44743,0.927,0.8740000000000001,85.0,68.0,5.59,50.45,"5,155","5,417",103
332,553,2012,7,Pennsylvania,Other,7,1.0,0.0,2012 7 Pennsylvania,O157:H7,286,44743,0.927,0.8740000000000001,85.0,68.0,5.59,50.45,"5,155","5,417",103
333,555,2010,7,Pennsylvania,Other,2,1.0,0.0,2010 7 Pennsylvania,O157:H7,286,44743,0.927,0.8740000000000001,85.0,68.0,5.59,50.45,"5,155","5,417",103
334,559,2011,8,Pennsylvania,Other,3,3.0,0.0,2011 8 Pennsylvania,O157:H7,286,44743,0.927,0.8740000000000001,78.0,60.0,5.59,50.45,"5,155","5,417",103
335,560,2012,8,Pennsylvania,Food,3,0.0,0.0,2012 8 Pennsylvania,O157:H7,286,44743,0.927,0.8740000000000001,78.0,60.0,5.59,50.45,"5,155","5,417",103
336,561,2013,8,Pennsylvania,Food,15,10.0,0.0,2013 8 Pennsylvania,O157:H7,286,44743,0.927,0.8740000000000001,78.0,60.0,5.59,50.45,"5,155","5,417",103
337,562,2015,8,Pennsylvania,Other,3,3.0,0.0,2015 8 Pennsylvania,O157:H7,286,44743,0.927,0.8740000000000001,78.0,60.0,5.59,50.45,"5,155","5,417",103
338,563,2016,8,Pennsylvania,Food,5,3.0,0.0,2016 8 Pennsylvania,O157:H7,286,44743,0.927,0.8740000000000001,78.0,60.0,5.59,50.45,"5,155","5,417",103
339,566,2012,9,Pennsylvania,Food,9,7.0,0.0,2012 9 Pennsylvania,O157:H7,286,44743,0.927,0.8740000000000001,67.0,48.0,5.59,50.45,"5,155","5,417",103
340,567,2013,9,Pennsylvania,Other,3,1.0,0.0,2013 9 Pennsylvania,O157:H7,286,44743,0.927,0.8740000000000001,67.0,48.0,5.59,50.45,"5,155","5,417",103
341,569,2001,9,Pennsylvania,Food,15,4.0,0.0,2001 9 Pennsylvania,O157:H7,286,44743,0.927,0.8740000000000001,67.0,48.0,5.59,50.45,"5,155","5,417",103
342,571,2017,9,Pennsylvania,Other,3,1.0,0.0,2017 9 Pennsylvania,O157:H7,286,44743,0.927,0.8740000000000001,67.0,48.0,5.59,50.45,"5,155","5,417",103
343,572,2012,11,Pennsylvania,Food,3,3.0,0.0,2012 11 Pennsylvania,O157:H7,286,44743,0.927,0.8740000000000001,45.0,30.0,5.59,50.45,"5,155","5,417",103
344,573,2013,5,Pennsylvania,Other,2,1.0,0.0,2013 5 Pennsylvania,O157:H7,286,44743,0.927,0.8740000000000001,83.0,64.0,5.59,50.45,"5,155","5,417",103
345,574,2000,5,Pennsylvania,Food,6,3.0,0.0,2000 5 Pennsylvania,O157:H7,286,44743,0.927,0.8740000000000001,83.0,64.0,5.59,50.45,"5,155","5,417",103
346,575,2001,5,Pennsylvania,Food,7,1.0,0.0,2001 5 Pennsylvania,O157:H7,286,44743,0.927,0.8740000000000001,83.0,64.0,5.59,50.45,"5,155","5,417",103
347,576,2013,10,Pennsylvania,Other,2,0.0,0.0,2013 10 Pennsylvania,O157:H7,286,44743,0.927,0.8740000000000001,56.0,39.0,5.59,50.45,"5,155","5,417",103
348,577,2013,10,Pennsylvania,Food,24,8.0,0.0,2013 10 Pennsylvania,O157:H7,286,44743,0.927,0.8740000000000001,56.0,39.0,5.59,50.45,"5,155","5,417",103
349,578,2013,10,Pennsylvania,Other,3,3.0,0.0,2013 10 Pennsylvania,O157:H7,286,44743,0.927,0.8740000000000001,56.0,39.0,5.59,50.45,"5,155","5,417",103
350,579,2013,10,Pennsylvania,Other,2,2.0,0.0,2013 10 Pennsylvania,O157:H7,286,44743,0.927,0.8740000000000001,56.0,39.0,5.59,50.45,"5,155","5,417",103
351,580,2013,10,Pennsylvania,Other,6,3.0,0.0,2013 10 Pennsylvania,O157:H7,286,44743,0.927,0.8740000000000001,56.0,39.0,5.59,50.45,"5,155","5,417",103
352,582,2007,3,Pennsylvania,Food,8,3.0,0.0,2007 3 Pennsylvania,O157:H7,286,44743,0.927,0.8740000000000001,64.0,44.0,5.59,50.45,"5,155","5,417",103
353,583,2007,3,Pennsylvania,Food,8,6.0,0.0,2007 3 Pennsylvania,O157:H7,286,44743,0.927,0.8740000000000001,64.0,44.0,5.59,50.45,"5,155","5,417",103
354,584,2007,6,Pennsylvania,Food,2,0.0,0.0,2007 6 Pennsylvania,O157:H7,286,44743,0.927,0.8740000000000001,87.0,69.0,5.59,50.45,"5,155","5,417",103
355,592,2011,8,Utah,Other,56,2.0,0.0,2011 8 Utah,O157:H7,36,82170,0.934,0.8959999999999999,78.0,58.0,5.59,50.45,"5,155","5,417",103
356,594,2012,8,Utah,Other,9,3.0,0.0,2012 8 Utah,O157:H7,36,82170,0.934,0.8959999999999999,78.0,58.0,5.59,50.45,"5,155","5,417",103
357,595,2009,7,Utah,Other,21,4.0,0.0,2009 7 Utah,O157:H7,36,82170,0.934,0.8959999999999999,89.0,67.0,5.59,50.45,"5,155","5,417",103
358,596,2014,7,Utah,Other,3,3.0,0.0,2014 7 Utah,O157:H7,36,82170,0.934,0.8959999999999999,89.0,67.0,5.59,50.45,"5,155","5,417",103
359,598,1998,7,Utah,Food,10,5.0,0.0,1998 7 Utah,O157:H7,36,82170,0.934,0.8959999999999999,89.0,67.0,5.59,50.45,"5,155","5,417",103
360,599,2017,7,Utah,Other,3,1.0,0.0,2017 7 Utah,O157:H7,36,82170,0.934,0.8959999999999999,89.0,67.0,5.59,50.45,"5,155","5,417",103
361,601,2010,6,Utah,Food,4,0.0,0.0,2010 6 Utah,O157:H7,36,82170,0.934,0.8959999999999999,90.0,69.0,5.59,50.45,"5,155","5,417",103
362,602,2017,6,Utah,Other,6,3.0,0.0,2017 6 Utah,O157:H7,36,82170,0.934,0.8959999999999999,90.0,69.0,5.59,50.45,"5,155","5,417",103
363,603,2010,5,North Carolina,Other,2,,0.0,2010 5 North Carolina,O157:H7,206,48618,0.909,0.861,86.0,65.0,5.59,50.45,"5,155","5,417",103
364,604,1999,5,North Carolina,Food,2,,,1999 5 North Carolina,O157:H7,206,48618,0.909,0.861,86.0,65.0,5.59,50.45,"5,155","5,417",103
365,605,1999,5,North Carolina,Food,2,,,1999 5 North Carolina,O157:H7,206,48618,0.909,0.861,86.0,65.0,5.59,50.45,"5,155","5,417",103
366,606,2007,5,North Carolina,Food,22,8.0,1.0,2007 5 North Carolina,O157:H7,206,48618,0.909,0.861,86.0,65.0,5.59,50.45,"5,155","5,417",103
367,607,2011,10,North Carolina,Other,25,8.0,0.0,2011 10 North Carolina,O157:H7,206,48618,0.909,0.861,62.0,39.0,5.59,50.45,"5,155","5,417",103
368,608,2006,10,North Carolina,Food,5,3.0,0.0,2006 10 North Carolina,O157:H7,206,48618,0.909,0.861,62.0,39.0,5.59,50.45,"5,155","5,417",103
369,609,2012,9,North Carolina,Other,105,11.0,1.0,2012 9 North Carolina,O157:H7,206,48618,0.909,0.861,72.0,49.0,5.59,50.45,"5,155","5,417",103
370,610,2007,9,North Carolina,Food,17,1.0,0.0,2007 9 North Carolina,O157:H7,206,48618,0.909,0.861,72.0,49.0,5.59,50.45,"5,155","5,417",103
371,611,1999,8,North Carolina,Food,3,,,1999 8 North Carolina,O157:H7,206,48618,0.909,0.861,81.0,60.0,5.59,50.45,"5,155","5,417",103
372,612,1999,7,North Carolina,Food,3,,,1999 7 North Carolina,O157:H7,206,48618,0.909,0.861,87.0,67.0,5.59,50.45,"5,155","5,417",103
373,613,1999,7,North Carolina,Food,7,,,1999 7 North Carolina,O157:H7,206,48618,0.909,0.861,87.0,67.0,5.59,50.45,"5,155","5,417",103
374,614,1998,7,North Carolina,Food,143,,,1998 7 North Carolina,O157:H7,206,48618,0.909,0.861,87.0,67.0,5.59,50.45,"5,155","5,417",103
375,615,2008,7,North Carolina,Food,5,0.0,0.0,2008 7 North Carolina,O157:H7,206,48618,0.909,0.861,87.0,67.0,5.59,50.45,"5,155","5,417",103
376,616,2000,6,North Carolina,Food,4,,,2000 6 North Carolina,O157:H7,206,48618,0.909,0.861,89.0,68.0,5.59,50.45,"5,155","5,417",103
377,617,2001,11,North Carolina,Food,202,11.0,0.0,2001 11 North Carolina,O157:H7,206,48618,0.909,0.861,53.0,32.0,5.59,50.45,"5,155","5,417",103
378,618,2006,11,North Carolina,Food,9,,,2006 11 North Carolina,O157:H7,206,48618,0.909,0.861,53.0,32.0,5.59,50.45,"5,155","5,417",103
379,620,2010,8,Maine,Food,3,1.0,0.0,2010 8 Maine,O157:H7,43,30843,0.919,0.8759999999999999,70.0,51.0,5.59,50.45,"5,155","5,417",103
380,621,2000,8,Maine,Food,2,1.0,0.0,2000 8 Maine,O157:H7,43,30843,0.919,0.8759999999999999,70.0,51.0,5.59,50.45,"5,155","5,417",103
381,623,1998,9,Maine,Food,2,2.0,0.0,1998 9 Maine,O157:H7,43,30843,0.919,0.8759999999999999,57.0,40.0,5.59,50.45,"5,155","5,417",103
382,625,1998,7,Maine,Food,2,2.0,0.0,1998 7 Maine,O157:H7,43,30843,0.919,0.8759999999999999,78.0,58.0,5.59,50.45,"5,155","5,417",103
383,626,2006,7,Maine,Food,5,2.0,0.0,2006 7 Maine,O157:H7,43,30843,0.919,0.8759999999999999,78.0,58.0,5.59,50.45,"5,155","5,417",103
384,628,2011,9,Kansas,Food,2,2.0,0.0,2011 9 Kansas,O157:H7,36,81759,0.926,0.887,68.0,45.0,5.59,50.45,"5,155","5,417",103
385,633,2016,9,Kansas,Food,56,10.0,0.0,2016 9 Kansas,O157:H7,36,81759,0.926,0.887,68.0,45.0,5.59,50.45,"5,155","5,417",103
386,636,2012,11,Kansas,Other,3,3.0,0.0,2012 11 Kansas,O157:H7,36,81759,0.926,0.887,42.0,22.0,5.59,50.45,"5,155","5,417",103
387,637,2013,11,Kansas,Other,2,2.0,1.0,2013 11 Kansas,O157:H7,36,81759,0.926,0.887,42.0,22.0,5.59,50.45,"5,155","5,417",103
388,639,2015,10,Kansas,Other,2,0.0,0.0,2015 10 Kansas,O157:H7,36,81759,0.926,0.887,55.0,33.0,5.59,50.45,"5,155","5,417",103
389,641,2014,5,Kansas,Other,4,2.0,0.0,2014 5 Kansas,O157:H7,36,81759,0.926,0.887,85.0,64.0,5.59,50.45,"5,155","5,417",103
390,642,2014,5,Kansas,Other,9,1.0,0.0,2014 5 Kansas,O157:H7,36,81759,0.926,0.887,85.0,64.0,5.59,50.45,"5,155","5,417",103
391,643,2002,7,Kansas,Food,2,1.0,0.0,2002 7 Kansas,O157:H7,36,81759,0.926,0.887,89.0,66.0,5.59,50.45,"5,155","5,417",103
392,647,2011,9,Georgia,Other,3,1.0,0.0,2011 9 Georgia,O157:H7,177,57513,0.906,0.862,73.0,54.0,5.59,50.45,"5,155","5,417",103
393,648,2013,9,Georgia,Food,2,0.0,0.0,2013 9 Georgia,O157:H7,177,57513,0.906,0.862,73.0,54.0,5.59,50.45,"5,155","5,417",103
394,649,2007,9,Georgia,Food,6,3.0,0.0,2007 9 Georgia,O157:H7,177,57513,0.906,0.862,73.0,54.0,5.59,50.45,"5,155","5,417",103
395,650,2012,5,Georgia,Other,7,1.0,0.0,2012 5 Georgia,O157:H7,177,57513,0.906,0.862,86.0,68.0,5.59,50.45,"5,155","5,417",103
396,651,2013,5,Georgia,Food,19,7.0,0.0,2013 5 Georgia,O157:H7,177,57513,0.906,0.862,86.0,68.0,5.59,50.45,"5,155","5,417",103
397,652,2001,10,Georgia,Food,28,,0.0,2001 10 Georgia,O157:H7,177,57513,0.906,0.862,64.0,43.0,5.59,50.45,"5,155","5,417",103
398,653,2002,6,Georgia,Food,7,3.0,0.0,2002 6 Georgia,O157:H7,177,57513,0.906,0.862,90.0,72.0,5.59,50.45,"5,155","5,417",103
399,654,2008,6,Georgia,Food,12,10.0,0.0,2008 6 Georgia,O157:H7,177,57513,0.906,0.862,90.0,72.0,5.59,50.45,"5,155","5,417",103
400,657,2005,8,Georgia,Food,6,1.0,0.0,2005 8 Georgia,O157:H7,177,57513,0.906,0.862,82.0,64.0,5.59,50.45,"5,155","5,417",103
401,658,2010,8,Georgia,Food,16,7.0,0.0,2010 8 Georgia,O157:H7,177,57513,0.906,0.862,82.0,64.0,5.59,50.45,"5,155","5,417",103
402,659,2016,8,Georgia,Food,4,2.0,0.0,2016 8 Georgia,O157:H7,177,57513,0.906,0.862,82.0,64.0,5.59,50.45,"5,155","5,417",103
403,661,2014,6,Virginia,Other,5,4.0,0.0,2014 6 Virginia,O157:H7,212,39490,0.933,0.882,90.0,69.0,5.59,50.45,"5,155","5,417",103
404,664,1998,5,Virginia,Food,8,,,1998 5 Virginia,O157:H7,212,39490,0.933,0.882,86.0,65.0,5.59,50.45,"5,155","5,417",103
405,665,1998,5,Virginia,Food,5,,,1998 5 Virginia,O157:H7,212,39490,0.933,0.882,86.0,65.0,5.59,50.45,"5,155","5,417",103
406,667,2017,5,Virginia,Other,20,0.0,0.0,2017 5 Virginia,O157:H7,212,39490,0.933,0.882,86.0,65.0,5.59,50.45,"5,155","5,417",103
407,672,2001,8,Virginia,Food,8,0.0,0.0,2001 8 Virginia,O157:H7,212,39490,0.933,0.882,81.0,60.0,5.59,50.45,"5,155","5,417",103
408,673,2003,3,Virginia,Food,6,3.0,0.0,2003 3 Virginia,O157:H7,212,39490,0.933,0.882,70.0,46.0,5.59,50.45,"5,155","5,417",103
409,674,2016,3,Virginia,Food,14,7.0,0.0,2016 3 Virginia,O157:H7,212,39490,0.933,0.882,70.0,46.0,5.59,50.45,"5,155","5,417",103
410,677,2008,7,Virginia,Food,59,9.0,0.0,2008 7 Virginia,O157:H7,212,39490,0.933,0.882,88.0,67.0,5.59,50.45,"5,155","5,417",103
411,678,2017,7,Virginia,Other,4,3.0,0.0,2017 7 Virginia,O157:H7,212,39490,0.933,0.882,88.0,67.0,5.59,50.45,"5,155","5,417",103
412,683,1998,6,Texas,Food,23,,,1998 6 Texas,O157:H7,105,261232,0.914,0.868,96.0,74.0,5.59,50.45,"5,155","5,417",103
413,685,2000,6,Texas,Food,45,0.0,0.0,2000 6 Texas,O157:H7,105,261232,0.914,0.868,96.0,74.0,5.59,50.45,"5,155","5,417",103
414,686,2017,6,Texas,Other,2,1.0,1.0,2017 6 Texas,O157:H7,105,261232,0.914,0.868,96.0,74.0,5.59,50.45,"5,155","5,417",103
415,687,2012,4,Texas,Food,30,1.0,0.0,2012 4 Texas,O157:H7,105,261232,0.914,0.868,87.0,67.0,5.59,50.45,"5,155","5,417",103
416,688,2000,4,Texas,Food,15,,0.0,2000 4 Texas,O157:H7,105,261232,0.914,0.868,87.0,67.0,5.59,50.45,"5,155","5,417",103
417,689,2000,4,Texas,Food,13,,,2000 4 Texas,O157:H7,105,261232,0.914,0.868,87.0,67.0,5.59,50.45,"5,155","5,417",103
418,692,1999,5,Texas,Food,10,,,1999 5 Texas,O157:H7,105,261232,0.914,0.868,92.0,72.0,5.59,50.45,"5,155","5,417",103
419,693,2017,5,Texas,Food,4,2.0,0.0,2017 5 Texas,O157:H7,105,261232,0.914,0.868,92.0,72.0,5.59,50.45,"5,155","5,417",103
420,695,2017,5,Texas,Food,4,2.0,0.0,2017 5 Texas,O157:H7,105,261232,0.914,0.868,92.0,72.0,5.59,50.45,"5,155","5,417",103
421,696,2017,5,Texas,Other,2,0.0,0.0,2017 5 Texas,O157:H7,105,261232,0.914,0.868,92.0,72.0,5.59,50.45,"5,155","5,417",103
422,697,2001,11,Texas,Food,20,2.0,0.0,2001 11 Texas,O157:H7,105,261232,0.914,0.868,63.0,42.0,5.59,50.45,"5,155","5,417",103
423,698,2003,11,Texas,Food,12,2.0,0.0,2003 11 Texas,O157:H7,105,261232,0.914,0.868,63.0,42.0,5.59,50.45,"5,155","5,417",103
424,702,2017,1,Texas,Other,4,1.0,0.0,2017 1 Texas,O157:H7,105,261232,0.914,0.868,65.0,45.0,5.59,50.45,"5,155","5,417",103
425,703,2017,9,Texas,Other,3,1.0,0.0,2017 9 Texas,O157:H7,105,261232,0.914,0.868,82.0,61.0,5.59,50.45,"5,155","5,417",103
426,704,2011,11,Kentucky,Other,2,0.0,0.0,2011 11 Kentucky,O157:H7,112,39486,0.8859999999999999,0.843,44.0,26.0,5.59,50.45,"5,155","5,417",103
427,706,2012,10,Kentucky,Other,4,0.0,0.0,2012 10 Kentucky,O157:H7,112,39486,0.8859999999999999,0.843,55.0,34.0,5.59,50.45,"5,155","5,417",103
428,707,2012,9,Kentucky,Other,2,2.0,0.0,2012 9 Kentucky,O157:H7,112,39486,0.8859999999999999,0.843,68.0,42.0,5.59,50.45,"5,155","5,417",103
429,708,2013,9,Kentucky,Other,3,2.0,0.0,2013 9 Kentucky,O157:H7,112,39486,0.8859999999999999,0.843,68.0,42.0,5.59,50.45,"5,155","5,417",103
430,709,2013,9,Kentucky,Other,3,3.0,0.0,2013 9 Kentucky,O157:H7,112,39486,0.8859999999999999,0.843,68.0,42.0,5.59,50.45,"5,155","5,417",103
431,710,2014,9,Kentucky,Food,4,4.0,0.0,2014 9 Kentucky,O157:H7,112,39486,0.8859999999999999,0.843,68.0,42.0,5.59,50.45,"5,155","5,417",103
432,711,2012,4,Kentucky,Other,4,3.0,0.0,2012 4 Kentucky,O157:H7,112,39486,0.8859999999999999,0.843,75.0,49.0,5.59,50.45,"5,155","5,417",103
433,713,2013,6,Kentucky,Other,9,2.0,0.0,2013 6 Kentucky,O157:H7,112,39486,0.8859999999999999,0.843,87.0,63.0,5.59,50.45,"5,155","5,417",103
434,714,2013,6,Kentucky,Other,2,1.0,1.0,2013 6 Kentucky,O157:H7,112,39486,0.8859999999999999,0.843,87.0,63.0,5.59,50.45,"5,155","5,417",103
435,716,2012,4,South Carolina,Food,10,3.0,0.0,2012 4 South Carolina,O157:H7,162,30061,0.894,0.846,84.0,60.0,5.59,50.45,"5,155","5,417",103
436,718,2007,7,South Carolina,Food,10,1.0,0.0,2007 7 South Carolina,O157:H7,162,30061,0.894,0.846,91.0,71.0,5.59,50.45,"5,155","5,417",103
437,719,2015,5,South Carolina,Other,12,5.0,1.0,2015 5 South Carolina,O157:H7,162,30061,0.894,0.846,90.0,68.0,5.59,50.45,"5,155","5,417",103
438,729,2001,7,Illinois,Food,19,8.0,0.0,2001 7 Illinois,O157:H7,231,55519,0.933,0.883,82.0,66.0,5.59,50.45,"5,155","5,417",103
439,730,2015,7,Illinois,Food,10,1.0,0.0,2015 7 Illinois,O157:H7,231,55519,0.933,0.883,82.0,66.0,5.59,50.45,"5,155","5,417",103
440,733,2009,9,Illinois,Food,4,2.0,0.0,2009 9 Illinois,O157:H7,231,55519,0.933,0.883,63.0,46.0,5.59,50.45,"5,155","5,417",103
441,734,1999,9,Illinois,Food,321,17.0,0.0,1999 9 Illinois,O157:H7,231,55519,0.933,0.883,63.0,46.0,5.59,50.45,"5,155","5,417",103
442,735,2001,9,Illinois,Food,8,4.0,0.0,2001 9 Illinois,O157:H7,231,55519,0.933,0.883,63.0,46.0,5.59,50.45,"5,155","5,417",103
443,736,2007,9,Illinois,Food,10,7.0,0.0,2007 9 Illinois,O157:H7,231,55519,0.933,0.883,63.0,46.0,5.59,50.45,"5,155","5,417",103
444,737,2013,5,Illinois,Food,51,10.0,0.0,2013 5 Illinois,O157:H7,231,55519,0.933,0.883,81.0,63.0,5.59,50.45,"5,155","5,417",103
445,738,2001,5,Illinois,Food,2,,,2001 5 Illinois,O157:H7,231,55519,0.933,0.883,81.0,63.0,5.59,50.45,"5,155","5,417",103
446,740,2015,5,Illinois,Food,10,0.0,0.0,2015 5 Illinois,O157:H7,231,55519,0.933,0.883,81.0,63.0,5.59,50.45,"5,155","5,417",103
447,744,2002,6,Illinois,Food,4,3.0,0.0,2002 6 Illinois,O157:H7,231,55519,0.933,0.883,84.0,68.0,5.59,50.45,"5,155","5,417",103
448,745,2006,6,Illinois,Food,2,2.0,0.0,2006 6 Illinois,O157:H7,231,55519,0.933,0.883,84.0,68.0,5.59,50.45,"5,155","5,417",103
449,746,2008,6,Illinois,Food,2,1.0,0.0,2008 6 Illinois,O157:H7,231,55519,0.933,0.883,84.0,68.0,5.59,50.45,"5,155","5,417",103
450,747,2016,6,Illinois,Food,96,19.0,0.0,2016 6 Illinois,O157:H7,231,55519,0.933,0.883,84.0,68.0,5.59,50.45,"5,155","5,417",103
451,748,2002,3,Illinois,Food,17,5.0,0.0,2002 3 Illinois,O157:H7,231,55519,0.933,0.883,59.0,41.0,5.59,50.45,"5,155","5,417",103
452,751,2003,8,Illinois,Food,30,3.0,0.0,2003 8 Illinois,O157:H7,231,55519,0.933,0.883,75.0,57.0,5.59,50.45,"5,155","5,417",103
453,752,2004,8,Illinois,Food,6,2.0,0.0,2004 8 Illinois,O157:H7,231,55519,0.933,0.883,75.0,57.0,5.59,50.45,"5,155","5,417",103
454,753,2003,11,Illinois,Food,3,1.0,0.0,2003 11 Illinois,O157:H7,231,55519,0.933,0.883,36.0,23.0,5.59,50.45,"5,155","5,417",103
455,754,2012,4,California,Food,12,1.0,0.0,2012 4 California,O157:H7,251,"155,959[5]",0.934,0.882,80.0,51.0,5.59,50.45,"5,155","5,417",103
456,755,2002,4,California,Food,26,5.0,0.0,2002 4 California,O157:H7,251,"155,959[5]",0.934,0.882,80.0,51.0,5.59,50.45,"5,155","5,417",103
457,756,2002,4,California,Food,9,3.0,,2002 4 California,O157:H7,251,"155,959[5]",0.934,0.882,80.0,51.0,5.59,50.45,"5,155","5,417",103
458,757,2017,4,California,Food,9,4.0,0.0,2017 4 California,O157:H7,251,"155,959[5]",0.934,0.882,80.0,51.0,5.59,50.45,"5,155","5,417",103
459,758,2011,8,California,Food,5,3.0,0.0,2011 8 California,O157:H7,251,"155,959[5]",0.934,0.882,87.0,56.0,5.59,50.45,"5,155","5,417",103
460,759,2013,8,California,Food,22,7.0,0.0,2013 8 California,O157:H7,251,"155,959[5]",0.934,0.882,87.0,56.0,5.59,50.45,"5,155","5,417",103
461,760,1998,8,California,Food,2,2.0,0.0,1998 8 California,O157:H7,251,"155,959[5]",0.934,0.882,87.0,56.0,5.59,50.45,"5,155","5,417",103
462,761,2002,8,California,Food,16,2.0,,2002 8 California,O157:H7,251,"155,959[5]",0.934,0.882,87.0,56.0,5.59,50.45,"5,155","5,417",103
463,762,2002,8,California,Food,9,3.0,,2002 8 California,O157:H7,251,"155,959[5]",0.934,0.882,87.0,56.0,5.59,50.45,"5,155","5,417",103
464,763,2003,8,California,Food,18,6.0,2.0,2003 8 California,O157:H7,251,"155,959[5]",0.934,0.882,87.0,56.0,5.59,50.45,"5,155","5,417",103
465,764,2004,8,California,Food,8,5.0,0.0,2004 8 California,O157:H7,251,"155,959[5]",0.934,0.882,87.0,56.0,5.59,50.45,"5,155","5,417",103
466,765,2013,7,California,Food,5,5.0,0.0,2013 7 California,O157:H7,251,"155,959[5]",0.934,0.882,91.0,58.0,5.59,50.45,"5,155","5,417",103
467,766,1998,7,California,Food,28,17.0,0.0,1998 7 California,O157:H7,251,"155,959[5]",0.934,0.882,91.0,58.0,5.59,50.45,"5,155","5,417",103
468,767,2002,7,California,Food,5,3.0,0.0,2002 7 California,O157:H7,251,"155,959[5]",0.934,0.882,91.0,58.0,5.59,50.45,"5,155","5,417",103
469,768,2002,7,California,Food,2,1.0,1.0,2002 7 California,O157:H7,251,"155,959[5]",0.934,0.882,91.0,58.0,5.59,50.45,"5,155","5,417",103
470,770,2008,7,California,Food,5,4.0,2.0,2008 7 California,O157:H7,251,"155,959[5]",0.934,0.882,91.0,58.0,5.59,50.45,"5,155","5,417",103
471,771,2013,10,California,Food,8,1.0,0.0,2013 10 California,O157:H7,251,"155,959[5]",0.934,0.882,64.0,43.0,5.59,50.45,"5,155","5,417",103
472,772,2000,10,California,Food,14,8.0,0.0,2000 10 California,O157:H7,251,"155,959[5]",0.934,0.882,64.0,43.0,5.59,50.45,"5,155","5,417",103
473,773,1998,10,California,Food,39,1.0,0.0,1998 10 California,O157:H7,251,"155,959[5]",0.934,0.882,64.0,43.0,5.59,50.45,"5,155","5,417",103
474,774,2003,10,California,Food,16,10.0,1.0,2003 10 California,O157:H7,251,"155,959[5]",0.934,0.882,64.0,43.0,5.59,50.45,"5,155","5,417",103
475,778,2014,3,California,Food,2,1.0,0.0,2014 3 California,O157:H7,251,"155,959[5]",0.934,0.882,71.0,46.0,5.59,50.45,"5,155","5,417",103
476,780,2003,3,California,Food,6,3.0,0.0,2003 3 California,O157:H7,251,"155,959[5]",0.934,0.882,71.0,46.0,5.59,50.45,"5,155","5,417",103
477,781,2007,3,California,Food,52,6.0,0.0,2007 3 California,O157:H7,251,"155,959[5]",0.934,0.882,71.0,46.0,5.59,50.45,"5,155","5,417",103
478,786,2016,1,California,Food,10,4.0,0.0,2016 1 California,O157:H7,251,"155,959[5]",0.934,0.882,60.0,41.0,5.59,50.45,"5,155","5,417",103
479,787,1998,5,California,Food,3,1.0,0.0,1998 5 California,O157:H7,251,"155,959[5]",0.934,0.882,87.0,56.0,5.59,50.45,"5,155","5,417",103
480,790,2002,5,California,Food,8,5.0,0.0,2002 5 California,O157:H7,251,"155,959[5]",0.934,0.882,87.0,56.0,5.59,50.45,"5,155","5,417",103
481,791,2007,5,California,Food,124,8.0,0.0,2007 5 California,O157:H7,251,"155,959[5]",0.934,0.882,87.0,56.0,5.59,50.45,"5,155","5,417",103
482,792,2009,9,California,Food,3,2.0,0.0,2009 9 California,O157:H7,251,"155,959[5]",0.934,0.882,78.0,50.0,5.59,50.45,"5,155","5,417",103
483,793,2003,9,California,Food,51,11.0,0.0,2003 9 California,O157:H7,251,"155,959[5]",0.934,0.882,78.0,50.0,5.59,50.45,"5,155","5,417",103
484,795,2006,9,California,Food,6,3.0,0.0,2006 9 California,O157:H7,251,"155,959[5]",0.934,0.882,78.0,50.0,5.59,50.45,"5,155","5,417",103
485,796,2007,9,California,Food,5,2.0,0.0,2007 9 California,O157:H7,251,"155,959[5]",0.934,0.882,78.0,50.0,5.59,50.45,"5,155","5,417",103
486,797,2008,9,California,Food,27,5.0,0.0,2008 9 California,O157:H7,251,"155,959[5]",0.934,0.882,78.0,50.0,5.59,50.45,"5,155","5,417",103
487,798,2008,9,California,Food,3,1.0,0.0,2008 9 California,O157:H7,251,"155,959[5]",0.934,0.882,78.0,50.0,5.59,50.45,"5,155","5,417",103
488,799,2008,2,California,Food,2,0.0,0.0,2008 2 California,O157:H7,251,"155,959[5]",0.934,0.882,65.0,44.0,5.59,50.45,"5,155","5,417",103
489,800,2010,2,California,Food,7,0.0,0.0,2010 2 California,O157:H7,251,"155,959[5]",0.934,0.882,65.0,44.0,5.59,50.45,"5,155","5,417",103
490,801,2012,8,Wyoming,Other,3,3.0,0.0,2012 8 Wyoming,O157:H7,6,97093,0.937,0.8959999999999999,72.0,45.0,5.59,50.45,"5,155","5,417",103
491,803,2013,2,Wyoming,Other,2,0.0,0.0,2013 2 Wyoming,O157:H7,6,97093,0.937,0.8959999999999999,47.0,24.0,5.59,50.45,"5,155","5,417",103
492,804,2000,10,Wyoming,Food,2,1.0,0.0,2000 10 Wyoming,O157:H7,6,97093,0.937,0.8959999999999999,47.0,24.0,5.59,50.45,"5,155","5,417",103
493,805,2000,6,Wyoming,Food,3,0.0,0.0,2000 6 Wyoming,O157:H7,6,97093,0.937,0.8959999999999999,83.0,56.0,5.59,50.45,"5,155","5,417",103
494,809,2012,7,Montana,Other,2,1.0,0.0,2012 7 Montana,O157:H7,7,145546,0.923,0.8759999999999999,85.0,52.0,5.59,50.45,"5,155","5,417",103
495,810,2016,7,Montana,Food,38,6.0,0.0,2016 7 Montana,O157:H7,7,145546,0.923,0.8759999999999999,85.0,52.0,5.59,50.45,"5,155","5,417",103
496,811,2013,3,Montana,Food,3,0.0,0.0,2013 3 Montana,O157:H7,7,145546,0.923,0.8759999999999999,58.0,32.0,5.59,50.45,"5,155","5,417",103
497,814,2012,8,Iowa,Other,4,0.0,0.0,2012 8 Iowa,O157:H7,55,55857,0.931,0.885,76.0,55.0,5.59,50.45,"5,155","5,417",103
498,815,2000,7,Iowa,Food,56,4.0,,2000 7 Iowa,O157:H7,55,55857,0.931,0.885,84.0,65.0,5.59,50.45,"5,155","5,417",103
499,816,2010,7,Iowa,Other,7,0.0,0.0,2010 7 Iowa,O157:H7,55,55857,0.931,0.885,84.0,65.0,5.59,50.45,"5,155","5,417",103
500,817,2002,6,Iowa,Food,5,1.0,0.0,2002 6 Iowa,O157:H7,55,55857,0.931,0.885,86.0,67.0,5.59,50.45,"5,155","5,417",103
501,819,2016,6,Iowa,Other,7,0.0,0.0,2016 6 Iowa,O157:H7,55,55857,0.931,0.885,86.0,67.0,5.59,50.45,"5,155","5,417",103
502,820,2017,6,Iowa,Other,6,0.0,0.0,2017 6 Iowa,O157:H7,55,55857,0.931,0.885,86.0,67.0,5.59,50.45,"5,155","5,417",103
503,821,2008,10,Iowa,Food,5,2.0,0.0,2008 10 Iowa,O157:H7,55,55857,0.931,0.885,48.0,31.0,5.59,50.45,"5,155","5,417",103
504,822,2017,9,Iowa,Other,5,2.0,0.0,2017 9 Iowa,O157:H7,55,55857,0.931,0.885,63.0,43.0,5.59,50.45,"5,155","5,417",103
505,823,2012,9,Oklahoma,Other,3,2.0,0.0,2012 9 Oklahoma,O157:H7,57,68595,0.899,0.858,73.0,52.0,5.59,50.45,"5,155","5,417",103
506,824,1999,10,Oklahoma,Food,25,6.0,0.0,1999 10 Oklahoma,O157:H7,57,68595,0.899,0.858,62.0,40.0,5.59,50.45,"5,155","5,417",103
507,825,2010,10,Oklahoma,Other,3,2.0,0.0,2010 10 Oklahoma,O157:H7,57,68595,0.899,0.858,62.0,40.0,5.59,50.45,"5,155","5,417",103
508,826,1998,7,Oklahoma,Food,21,1.0,0.0,1998 7 Oklahoma,O157:H7,57,68595,0.899,0.858,93.0,71.0,5.59,50.45,"5,155","5,417",103
509,828,2014,3,Oklahoma,Other,11,,0.0,2014 3 Oklahoma,O157:H7,57,68595,0.899,0.858,72.0,50.0,5.59,50.45,"5,155","5,417",103
510,829,2010,11,Oklahoma,Food,21,0.0,0.0,2010 11 Oklahoma,O157:H7,57,68595,0.899,0.858,51.0,31.0,5.59,50.45,"5,155","5,417",103
511,832,2013,9,Florida,Food,7,5.0,0.0,2013 9 Florida,O157:H7,378,53625,0.913,0.873,81.0,57.0,5.59,50.45,"5,155","5,417",103
512,834,1998,11,Florida,Food,21,5.0,0.0,1998 11 Florida,O157:H7,378,53625,0.913,0.873,65.0,41.0,5.59,50.45,"5,155","5,417",103
513,835,1999,6,Florida,Food,17,7.0,0.0,1999 6 Florida,O157:H7,378,53625,0.913,0.873,92.0,72.0,5.59,50.45,"5,155","5,417",103
514,838,2000,10,Florida,Food,2,1.0,,2000 10 Florida,O157:H7,378,53625,0.913,0.873,73.0,47.0,5.59,50.45,"5,155","5,417",103
515,839,1998,10,Florida,Food,16,1.0,0.0,1998 10 Florida,O157:H7,378,53625,0.913,0.873,73.0,47.0,5.59,50.45,"5,155","5,417",103
516,840,2007,10,Florida,Food,2,,,2007 10 Florida,O157:H7,378,53625,0.913,0.873,73.0,47.0,5.59,50.45,"5,155","5,417",103
517,841,1999,8,Florida,Food,2,0.0,0.0,1999 8 Florida,O157:H7,378,53625,0.913,0.873,88.0,68.0,5.59,50.45,"5,155","5,417",103
518,842,2002,8,Florida,Food,2,2.0,0.0,2002 8 Florida,O157:H7,378,53625,0.913,0.873,88.0,68.0,5.59,50.45,"5,155","5,417",103
519,845,2004,4,Florida,Food,3,,,2004 4 Florida,O157:H7,378,53625,0.913,0.873,87.0,62.0,5.59,50.45,"5,155","5,417",103
520,846,2007,1,Florida,Food,2,2.0,0.0,2007 1 Florida,O157:H7,378,53625,0.913,0.873,67.0,42.0,5.59,50.45,"5,155","5,417",103
521,847,2009,5,Florida,Food,30,0.0,0.0,2009 5 Florida,O157:H7,378,53625,0.913,0.873,91.0,69.0,5.59,50.45,"5,155","5,417",103
522,849,1998,10,Nevada,Food,14,,0.0,1998 10 Nevada,O157:H7,26,109781,0.907,0.8809999999999999,54.0,27.0,5.59,50.45,"5,155","5,417",103
523,850,2015,10,Nevada,Food,25,11.0,0.0,2015 10 Nevada,O157:H7,26,109781,0.907,0.8809999999999999,54.0,27.0,5.59,50.45,"5,155","5,417",103
524,851,2001,7,Nevada,Food,3,3.0,0.0,2001 7 Nevada,O157:H7,26,109781,0.907,0.8809999999999999,88.0,51.0,5.59,50.45,"5,155","5,417",103
525,852,2015,7,Nevada,Food,3,3.0,0.0,2015 7 Nevada,O157:H7,26,109781,0.907,0.8809999999999999,88.0,51.0,5.59,50.45,"5,155","5,417",103
526,853,2001,9,Nevada,Food,9,0.0,0.0,2001 9 Nevada,O157:H7,26,109781,0.907,0.8809999999999999,68.0,35.0,5.59,50.45,"5,155","5,417",103
527,855,2013,9,Indiana,Other,4,2.0,0.0,2013 9 Indiana,O157:H7,184,35826,0.91,0.8690000000000001,65.0,42.0,5.59,50.45,"5,155","5,417",103
528,858,2009,6,Indiana,Other,3,1.0,0.0,2009 6 Indiana,O157:H7,184,35826,0.91,0.8690000000000001,85.0,63.0,5.59,50.45,"5,155","5,417",103
529,859,2014,7,Indiana,Other,3,0.0,0.0,2014 7 Indiana,O157:H7,184,35826,0.91,0.8690000000000001,83.0,61.0,5.59,50.45,"5,155","5,417",103
530,860,2015,7,Indiana,Other,7,3.0,1.0,2015 7 Indiana,O157:H7,184,35826,0.91,0.8690000000000001,83.0,61.0,5.59,50.45,"5,155","5,417",103
531,862,2014,5,Indiana,Other,7,1.0,0.0,2014 5 Indiana,O157:H7,184,35826,0.91,0.8690000000000001,82.0,59.0,5.59,50.45,"5,155","5,417",103
532,863,1998,5,Indiana,Food,27,6.0,0.0,1998 5 Indiana,O157:H7,184,35826,0.91,0.8690000000000001,82.0,59.0,5.59,50.45,"5,155","5,417",103
533,864,2000,10,Indiana,Food,6,5.0,0.0,2000 10 Indiana,O157:H7,184,35826,0.91,0.8690000000000001,52.0,33.0,5.59,50.45,"5,155","5,417",103
534,866,2013,2,Hawaii,Food,8,4.0,0.0,2013 2 Hawaii,O157:H7,222,6423,0.943,0.902,81.0,68.0,5.59,50.45,"5,155","5,417",103
535,868,2007,3,Hawaii,Food,8,5.0,0.0,2007 3 Hawaii,O157:H7,222,6423,0.943,0.902,83.0,69.0,5.59,50.45,"5,155","5,417",103
536,869,2016,8,Hawaii,Other,4,0.0,0.0,2016 8 Hawaii,O157:H7,222,6423,0.943,0.902,89.0,74.0,5.59,50.45,"5,155","5,417",103
537,871,2000,5,Arkansas,Food,36,14.0,0.0,2000 5 Arkansas,O157:H7,57,52035,0.883,0.8390000000000001,89.0,69.0,5.59,50.45,"5,155","5,417",103
538,872,2010,6,Arkansas,Other,5,3.0,0.0,2010 6 Arkansas,O157:H7,57,52035,0.883,0.8390000000000001,92.0,73.0,5.59,50.45,"5,155","5,417",103
539,873,2005,1,Arkansas,Food,3,3.0,0.0,2005 1 Arkansas,O157:H7,57,52035,0.883,0.8390000000000001,55.0,35.0,5.59,50.45,"5,155","5,417",103
540,874,2015,3,Arkansas,Other,2,1.0,0.0,2015 3 Arkansas,O157:H7,57,52035,0.883,0.8390000000000001,73.0,51.0,5.59,50.45,"5,155","5,417",103
541,876,2014,10,New Mexico,Other,5,2.0,0.0,2014 10 New Mexico,O157:H7,17,121298,0.904,0.87,53.0,25.0,5.59,50.45,"5,155","5,417",103
542,877,2016,10,New Mexico,Food,3,2.0,0.0,2016 10 New Mexico,O157:H7,17,121298,0.904,0.87,53.0,25.0,5.59,50.45,"5,155","5,417",103
543,880,1999,2,Nebraska,Food,65,8.0,0.0,1999 2 Nebraska,O157:H7,24,76824,0.937,0.889,50.0,28.0,5.59,50.45,"5,155","5,417",103
544,881,2003,9,Nebraska,Food,12,8.0,0.0,2003 9 Nebraska,O157:H7,24,76824,0.937,0.889,64.0,41.0,5.59,50.45,"5,155","5,417",103
545,883,2008,3,Nebraska,Food,15,3.0,,2008 3 Nebraska,O157:H7,24,76824,0.937,0.889,63.0,39.0,5.59,50.45,"5,155","5,417",103
546,886,2017,8,Nebraska,Other,3,1.0,0.0,2017 8 Nebraska,O157:H7,24,76824,0.937,0.889,77.0,54.0,5.59,50.45,"5,155","5,417",103
547,887,2000,7,Alaska,Food,31,11.0,0.0,2000 7 Alaska,O157:H7,1,570641,0.942,0.912,64.0,50.0,5.59,50.45,"5,155","5,417",103
548,888,2008,7,Alaska,Food,3,1.0,0.0,2008 7 Alaska,O157:H7,1,570641,0.942,0.912,64.0,50.0,5.59,50.45,"5,155","5,417",103
549,889,2005,2,Alaska,Food,4,2.0,0.0,2005 2 Alaska,O157:H7,1,570641,0.942,0.912,34.0,19.0,5.59,50.45,"5,155","5,417",103
550,890,2005,5,Alaska,Food,3,1.0,0.0,2005 5 Alaska,O157:H7,1,570641,0.942,0.912,63.0,48.0,5.59,50.45,"5,155","5,417",103
551,892,2003,10,North Dakota,Food,14,2.0,0.0,2003 10 North Dakota,O157:H7,10,69001,0.948,0.8740000000000001,40.0,19.0,5.59,50.45,"5,155","5,417",103
552,893,2003,7,North Dakota,Food,3,0.0,0.0,2003 7 North Dakota,O157:H7,10,69001,0.948,0.8740000000000001,83.0,56.0,5.59,50.45,"5,155","5,417",103
553,897,2004,5,New Jersey,Food,4,1.0,,2004 5 New Jersey,O157:H7,1218,7354,0.946,0.895,82.0,63.0,5.59,50.45,"5,155","5,417",103
554,898,2004,11,New Jersey,Food,6,4.0,0.0,2004 11 New Jersey,O157:H7,1218,7354,0.946,0.895,44.0,30.0,5.59,50.45,"5,155","5,417",103
555,899,2008,8,Vermont,Food,6,3.0,0.0,2008 8 Vermont,O157:H7,67,9217,0.938,0.885,70.0,51.0,5.59,50.45,"5,155","5,417",103
556,900,2015,8,Vermont,Food,12,0.0,0.0,2015 8 Vermont,O157:H7,67,9217,0.938,0.885,70.0,51.0,5.59,50.45,"5,155","5,417",103
557,901,2017,9,Vermont,Food,2,1.0,0.0,2017 9 Vermont,O157:H7,67,9217,0.938,0.885,57.0,39.0,5.59,50.45,"5,155","5,417",103
558,903,2016,9,West Virginia,Other,2,0.0,0.0,2016 9 West Virginia,O157:H7,76,24038,0.879,0.8370000000000001,68.0,45.0,5.59,50.45,"5,155","5,417",103
559,3,2002,7,Massachusetts,Food,5,3.0,0.0,2002 7 Massachusetts,O157:NM,871,7800,0.96,0.905,80.0,65.0,5.37,50.20,"5,313","5,781",85
560,26,1999,7,Connecticut,Food,17,7.0,0.0,1999 7 Connecticut,O157:NM,741,4842,0.957,0.9109999999999999,81.0,66.0,5.37,50.20,"5,313","5,781",85
561,29,2008,6,Connecticut,Food,14,5.0,0.0,2008 6 Connecticut,O157:NM,741,4842,0.957,0.9109999999999999,82.0,66.0,5.37,50.20,"5,313","5,781",85
562,119,1999,4,New York,Food,9,,,1999 4 New York,O157:NM,420,47126,0.946,0.888,71.0,55.0,5.37,50.20,"5,313","5,781",85
563,137,2011,10,Colorado,Other,14,3.0,0.0,2011 10 Colorado,O157:NM,52,103642,0.947,0.9059999999999999,52.0,25.0,5.37,50.20,"5,313","5,781",85
564,143,2009,6,Colorado,Other,13,1.0,0.0,2009 6 Colorado,O157:NM,52,103642,0.947,0.9059999999999999,90.0,59.0,5.37,50.20,"5,313","5,781",85
565,154,2003,7,Colorado,Food,13,1.0,0.0,2003 7 Colorado,O157:NM,52,103642,0.947,0.9059999999999999,88.0,57.0,5.37,50.20,"5,313","5,781",85
566,167,2008,9,Colorado,Food,21,2.0,0.0,2008 9 Colorado,O157:NM,52,103642,0.947,0.9059999999999999,66.0,37.0,5.37,50.20,"5,313","5,781",85
567,226,2011,10,Oregon,Other,2,0.0,0.0,2011 10 Oregon,O157:NM,41,95988,0.934,0.882,53.0,38.0,5.37,50.20,"5,313","5,781",85
568,239,2007,6,Oregon,Food,2,1.0,0.0,2007 6 Oregon,O157:NM,41,95988,0.934,0.882,82.0,53.0,5.37,50.20,"5,313","5,781",85
569,374,2008,7,Maryland,Food,9,0.0,0.0,2008 7 Maryland,O157:NM,618,9707,0.94,0.885,87.0,71.0,5.37,50.20,"5,313","5,781",85
570,433,2016,9,Washington,Food,4,1.0,0.0,2016 9 Washington,O157:NM,107,66456,0.945,0.904,60.0,46.0,5.37,50.20,"5,313","5,781",85
571,445,2011,7,Michigan,Food,12,8.0,0.0,2011 7 Michigan,O157:NM,175,56539,0.916,0.877,80.0,59.0,5.37,50.20,"5,313","5,781",85
572,449,2011,8,Michigan,Other,3,1.0,0.0,2011 8 Michigan,O157:NM,175,56539,0.916,0.877,73.0,51.0,5.37,50.20,"5,313","5,781",85
573,453,2012,10,Michigan,Food,3,0.0,0.0,2012 10 Michigan,O157:NM,175,56539,0.916,0.877,47.0,32.0,5.37,50.20,"5,313","5,781",85
574,480,2016,7,Minnesota,Other,8,0.0,0.0,2016 7 Minnesota,O157:NM,68,79627,0.95,0.9009999999999999,82.0,62.0,5.37,50.20,"5,313","5,781",85
575,556,2010,7,Pennsylvania,Other,2,1.0,0.0,2010 7 Pennsylvania,O157:NM,286,44743,0.927,0.8740000000000001,85.0,68.0,5.37,50.20,"5,313","5,781",85
576,631,2007,9,Kansas,Food,8,1.0,0.0,2007 9 Kansas,O157:NM,36,81759,0.926,0.887,68.0,45.0,5.37,50.20,"5,313","5,781",85
577,655,2004,4,Georgia,Food,2,0.0,0.0,2004 4 Georgia,O157:NM,177,57513,0.906,0.862,81.0,61.0,5.37,50.20,"5,313","5,781",85
578,662,2017,6,Virginia,Other,4,2.0,0.0,2017 6 Virginia,O157:NM,212,39490,0.933,0.882,90.0,69.0,5.37,50.20,"5,313","5,781",85
579,782,1998,6,California,Food,8,2.0,0.0,1998 6 California,O157:NM,251,"155,959[5]",0.934,0.882,92.0,58.0,5.37,50.20,"5,313","5,781",85
580,788,2002,5,California,Food,48,0.0,0.0,2002 5 California,O157:NM,251,"155,959[5]",0.934,0.882,87.0,56.0,5.37,50.20,"5,313","5,781",85
581,895,2015,7,North Dakota,Other,65,5.0,0.0,2015 7 North Dakota,O157:NM,10,69001,0.948,0.8740000000000001,83.0,56.0,5.37,50.20,"5,313","5,781",85
582,5,2006,7,Massachusetts,Food,5,1.0,0.0,2006 7 Massachusetts,O26,871,7800,0.96,0.905,80.0,65.0,5.74,50.65,"5,723","6,240",101
583,8,2012,5,Massachusetts,Other,2,0.0,0.0,2012 5 Massachusetts,O26,871,7800,0.96,0.905,76.0,60.0,5.74,50.65,"5,723","6,240",101
584,40,2014,7,Ohio,Other,4,0.0,0.0,2014 7 Ohio,O26,284,40861,0.917,0.8740000000000001,84.0,63.0,5.74,50.65,"5,723","6,240",101
585,42,2015,7,Ohio,Other,6,0.0,0.0,2015 7 Ohio,O26,284,40861,0.917,0.8740000000000001,84.0,63.0,5.74,50.65,"5,723","6,240",101
586,83,2016,5,Ohio,Food,3,0.0,0.0,2016 5 Ohio,O26,284,40861,0.917,0.8740000000000001,82.0,61.0,5.74,50.65,"5,723","6,240",101
587,134,2014,6,Arizona,Food,2,0.0,0.0,2014 6 Arizona,O26,60,113594,0.913,0.875,106.0,83.0,5.74,50.65,"5,723","6,240",101
588,150,2012,7,Colorado,Other,3,1.0,0.0,2012 7 Colorado,O26,52,103642,0.947,0.9059999999999999,88.0,57.0,5.74,50.65,"5,723","6,240",101
589,159,2007,7,Colorado,Food,135,10.0,0.0,2007 7 Colorado,O26,52,103642,0.947,0.9059999999999999,88.0,57.0,5.74,50.65,"5,723","6,240",101
590,169,2017,9,Colorado,Food,6,1.0,0.0,2017 9 Colorado,O26,52,103642,0.947,0.9059999999999999,66.0,37.0,5.74,50.65,"5,723","6,240",101
591,175,2013,5,Colorado,Other,2,0.0,0.0,2013 5 Colorado,O26,52,103642,0.947,0.9059999999999999,82.0,52.0,5.74,50.65,"5,723","6,240",101
592,177,2010,5,Colorado,Other,47,0.0,0.0,2010 5 Colorado,O26,52,103642,0.947,0.9059999999999999,82.0,52.0,5.74,50.65,"5,723","6,240",101
593,183,2010,8,Colorado,Other,21,0.0,0.0,2010 8 Colorado,O26,52,103642,0.947,0.9059999999999999,79.0,48.0,5.74,50.65,"5,723","6,240",101
594,191,2017,5,Idaho,Other,2,0.0,0.0,2017 5 Idaho,O26,20,82643,0.911,0.872,81.0,54.0,5.74,50.65,"5,723","6,240",101
595,204,2017,8,Idaho,Other,3,0.0,0.0,2017 8 Idaho,O26,20,82643,0.911,0.872,79.0,51.0,5.74,50.65,"5,723","6,240",101
596,210,2013,7,Oregon,Other,4,0.0,0.0,2013 7 Oregon,O26,41,95988,0.934,0.882,82.0,53.0,5.74,50.65,"5,723","6,240",101
597,214,2015,7,Oregon,Other,3,1.0,0.0,2015 7 Oregon,O26,41,95988,0.934,0.882,82.0,53.0,5.74,50.65,"5,723","6,240",101
598,233,2010,10,Oregon,Other,11,0.0,0.0,2010 10 Oregon,O26,41,95988,0.934,0.882,53.0,38.0,5.74,50.65,"5,723","6,240",101
599,248,2017,9,Oregon,Food,2,0.0,0.0,2017 9 Oregon,O26,41,95988,0.934,0.882,64.0,42.0,5.74,50.65,"5,723","6,240",101
600,254,2015,4,Wisconsin,Food,2,0.0,0.0,2015 4 Wisconsin,O26,106,54158,0.932,0.8859999999999999,65.0,47.0,5.74,50.65,"5,723","6,240",101
601,276,2011,9,Wisconsin,Food,12,0.0,0.0,2011 9 Wisconsin,O26,106,54158,0.932,0.8859999999999999,59.0,43.0,5.74,50.65,"5,723","6,240",101
602,311,2013,6,Tennessee,Food,3,0.0,0.0,2013 6 Tennessee,O26,160,41235,0.897,0.851,92.0,74.0,5.74,50.65,"5,723","6,240",101
603,319,2015,10,Tennessee,Other,2,0.0,0.0,2015 10 Tennessee,O26,160,41235,0.897,0.851,63.0,44.0,5.74,50.65,"5,723","6,240",101
604,404,2014,5,Washington,Other,27,0.0,0.0,2014 5 Washington,O26,107,66456,0.945,0.904,70.0,52.0,5.74,50.65,"5,723","6,240",101
605,458,2013,9,Michigan,Other,4,0.0,0.0,2013 9 Michigan,O26,175,56539,0.916,0.877,60.0,41.0,5.74,50.65,"5,723","6,240",101
606,464,2011,7,Minnesota,Other,3,1.0,0.0,2011 7 Minnesota,O26,68,79627,0.95,0.9009999999999999,82.0,62.0,5.74,50.65,"5,723","6,240",101
607,489,2017,7,Minnesota,Other,21,2.0,0.0,2017 7 Minnesota,O26,68,79627,0.95,0.9009999999999999,82.0,62.0,5.74,50.65,"5,723","6,240",101
608,526,2016,5,Minnesota,Other,4,0.0,0.0,2016 5 Minnesota,O26,68,79627,0.95,0.9009999999999999,80.0,59.0,5.74,50.65,"5,723","6,240",101
609,600,2014,11,Utah,Food,4,0.0,0.0,2014 11 Utah,O26,36,82170,0.934,0.8959999999999999,40.0,27.0,5.74,50.65,"5,723","6,240",101
610,629,2011,9,Kansas,Food,4,3.0,0.0,2011 9 Kansas,O26,36,81759,0.926,0.887,68.0,45.0,5.74,50.65,"5,723","6,240",101
611,638,2012,10,Kansas,Other,4,0.0,0.0,2012 10 Kansas,O26,36,81759,0.926,0.887,55.0,33.0,5.74,50.65,"5,723","6,240",101
612,640,2017,10,Kansas,Other,8,0.0,0.0,2017 10 Kansas,O26,36,81759,0.926,0.887,55.0,33.0,5.74,50.65,"5,723","6,240",101
613,668,2017,5,Virginia,Other,20,0.0,0.0,2017 5 Virginia,O26,212,39490,0.933,0.882,86.0,65.0,5.74,50.65,"5,723","6,240",101
614,705,2012,8,Kentucky,Other,7,0.0,0.0,2012 8 Kentucky,O26,112,39486,0.8859999999999999,0.843,79.0,55.0,5.74,50.65,"5,723","6,240",101
615,776,2017,10,California,Food,244,29.0,0.0,2017 10 California,O26,251,"155,959[5]",0.934,0.882,64.0,43.0,5.74,50.65,"5,723","6,240",101
616,848,2013,6,Nevada,Other,16,0.0,0.0,2013 6 Nevada,O26,26,109781,0.907,0.8809999999999999,90.0,52.0,5.74,50.65,"5,723","6,240",101
617,854,2013,4,Indiana,Other,4,0.0,0.0,2013 4 Indiana,O26,184,35826,0.91,0.8690000000000001,73.0,50.0,5.74,50.65,"5,723","6,240",101
618,865,2015,11,Indiana,Other,2,1.0,0.0,2015 11 Indiana,O26,184,35826,0.91,0.8690000000000001,39.0,23.0,5.74,50.65,"5,723","6,240",101
619,875,2014,4,New Mexico,Food,4,2.0,0.0,2014 4 New Mexico,O26,17,121298,0.904,0.87,74.0,41.0,5.74,50.65,"5,723","6,240",101
620,878,2015,8,New Mexico,Other,8,0.0,0.0,2015 8 New Mexico,O26,17,121298,0.904,0.87,78.0,47.0,5.74,50.65,"5,723","6,240",101
621,879,2015,1,Rhode Island,Other,2,0.0,0.0,2015 1 Rhode Island,O26,1021,1034,0.922,0.8759999999999999,40.0,24.0,5.74,50.65,"5,723","6,240",101
622,882,2015,9,Nebraska,Food,6,2.0,0.0,2015 9 Nebraska,O26,24,76824,0.937,0.889,64.0,41.0,5.74,50.65,"5,723","6,240",101
623,884,2017,3,Nebraska,Other,6,1.0,0.0,2017 3 Nebraska,O26,24,76824,0.937,0.889,63.0,39.0,5.74,50.65,"5,723","6,240",101
624,12,2013,10,Massachusetts,Other,2,,,2013 10 Massachusetts,O121,871,7800,0.96,0.905,51.0,38.0,5.47,50.63,"5,282","5,822",101
625,31,2016,4,Connecticut,Food,7,0.0,0.0,2016 4 Connecticut,O121,741,4842,0.957,0.9109999999999999,68.0,51.0,5.47,50.63,"5,282","5,822",101
626,158,2007,7,Colorado,Food,135,10.0,0.0,2007 7 Colorado,O121,52,103642,0.947,0.9059999999999999,88.0,57.0,5.47,50.63,"5,282","5,822",101
627,170,2017,9,Colorado,Other,6,2.0,0.0,2017 9 Colorado,O121,52,103642,0.947,0.9059999999999999,66.0,37.0,5.47,50.63,"5,282","5,822",101
628,190,2017,5,Idaho,Other,3,0.0,0.0,2017 5 Idaho,O121,20,82643,0.911,0.872,81.0,54.0,5.47,50.63,"5,282","5,822",101
629,219,2014,8,Oregon,Other,2,1.0,0.0,2014 8 Oregon,O121,41,95988,0.934,0.882,77.0,48.0,5.47,50.63,"5,282","5,822",101
630,236,2012,6,Oregon,Other,4,1.0,0.0,2012 6 Oregon,O121,41,95988,0.934,0.882,82.0,53.0,5.47,50.63,"5,282","5,822",101
631,282,2016,6,Wisconsin,Other,2,0.0,0.0,2016 6 Wisconsin,O121,106,54158,0.932,0.8859999999999999,80.0,64.0,5.47,50.63,"5,282","5,822",101
632,399,2015,8,Washington,Food,2,0.0,0.0,2015 8 Washington,O121,107,66456,0.945,0.904,71.0,52.0,5.47,50.63,"5,282","5,822",101
633,411,2012,10,Washington,Other,4,2.0,0.0,2012 10 Washington,O121,107,66456,0.945,0.904,51.0,40.0,5.47,50.63,"5,282","5,822",101
634,423,2009,9,Washington,Food,3,0.0,0.0,2009 9 Washington,O121,107,66456,0.945,0.904,60.0,46.0,5.47,50.63,"5,282","5,822",101
635,474,2014,7,Minnesota,Other,11,0.0,0.0,2014 7 Minnesota,O121,68,79627,0.95,0.9009999999999999,82.0,62.0,5.47,50.63,"5,282","5,822",101
636,520,2014,10,Minnesota,Food,3,1.0,0.0,2014 10 Minnesota,O121,68,79627,0.95,0.9009999999999999,42.0,27.0,5.47,50.63,"5,282","5,822",101
637,528,2017,5,Minnesota,Other,12,0.0,0.0,2017 5 Minnesota,O121,68,79627,0.95,0.9009999999999999,80.0,59.0,5.47,50.63,"5,282","5,822",101
638,593,2011,8,Utah,Other,56,2.0,0.0,2011 8 Utah,O121,36,82170,0.934,0.8959999999999999,78.0,58.0,5.47,50.63,"5,282","5,822",101
639,597,2006,7,Utah,Food,3,,,2006 7 Utah,O121,36,82170,0.934,0.8959999999999999,89.0,67.0,5.47,50.63,"5,282","5,822",101
640,635,2017,9,Kansas,Other,4,0.0,0.0,2017 9 Kansas,O121,36,81759,0.926,0.887,68.0,45.0,5.47,50.63,"5,282","5,822",101
641,813,1998,10,Montana,Food,40,,,1998 10 Montana,O121,7,145546,0.923,0.8759999999999999,43.0,22.0,5.47,50.63,"5,282","5,822",101
642,21,2017,9,Massachusetts,Food,4,2.0,0.0,2017 9 Massachusetts,O45:H2,871,7800,0.96,0.905,61.0,47.0,5.68,50.62,"5,385","5,868",103
643,565,2012,9,Pennsylvania,Other,5,0.0,0.0,2012 9 Pennsylvania,O45:H2,286,44743,0.927,0.8740000000000001,67.0,48.0,5.68,50.62,"5,385","5,868",103
644,570,2017,9,Pennsylvania,Other,4,2.0,0.0,2017 9 Pennsylvania,O45:H2,286,44743,0.927,0.8740000000000001,67.0,48.0,5.68,50.62,"5,385","5,868",103
645,589,2017,2,Pennsylvania,Other,3,0.0,0.0,2017 2 Pennsylvania,O45:H2,286,44743,0.927,0.8740000000000001,53.0,34.0,5.68,50.62,"5,385","5,868",103
646,24,2016,3,Connecticut,Other,50,7.0,0.0,2016 3 Connecticut,O157,741,4842,0.957,0.9109999999999999,58.0,41.0,5.75,50.43,"5,646","6,129",100
647,172,2017,1,Colorado,Other,5,2.0,0.0,2017 1 Colorado,O157,52,103642,0.947,0.9059999999999999,46.0,19.0,5.75,50.43,"5,646","6,129",100
648,211,2013,7,Oregon,Other,2,0.0,0.0,2013 7 Oregon,O157,41,95988,0.934,0.882,82.0,53.0,5.75,50.43,"5,646","6,129",100
649,213,2015,7,Oregon,Other,3,0.0,0.0,2015 7 Oregon,O157,41,95988,0.934,0.882,82.0,53.0,5.75,50.43,"5,646","6,129",100
650,216,2012,8,Oregon,Other,5,2.0,0.0,2012 8 Oregon,O157,41,95988,0.934,0.882,77.0,48.0,5.75,50.43,"5,646","6,129",100
651,244,2014,9,Oregon,Other,6,2.0,0.0,2014 9 Oregon,O157,41,95988,0.934,0.882,64.0,42.0,5.75,50.43,"5,646","6,129",100
652,268,2013,8,Wisconsin,Other,2,1.0,0.0,2013 8 Wisconsin,O157,106,54158,0.932,0.8859999999999999,71.0,55.0,5.75,50.43,"5,646","6,129",100
653,274,2017,8,Wisconsin,Other,13,4.0,0.0,2017 8 Wisconsin,O157,106,54158,0.932,0.8859999999999999,71.0,55.0,5.75,50.43,"5,646","6,129",100
654,277,2014,9,Wisconsin,Food,4,2.0,0.0,2014 9 Wisconsin,O157,106,54158,0.932,0.8859999999999999,59.0,43.0,5.75,50.43,"5,646","6,129",100
655,295,2014,2,Wisconsin,Other,4,1.0,0.0,2014 2 Wisconsin,O157,106,54158,0.932,0.8859999999999999,42.0,28.0,5.75,50.43,"5,646","6,129",100
656,376,2015,7,Maryland,Food,9,6.0,0.0,2015 7 Maryland,O157,618,9707,0.94,0.885,87.0,71.0,5.75,50.43,"5,646","6,129",100
657,387,2015,9,Maryland,Other,3,2.0,0.0,2015 9 Maryland,O157,618,9707,0.94,0.885,68.0,52.0,5.75,50.43,"5,646","6,129",100
658,398,2015,8,Washington,Food,13,5.0,0.0,2015 8 Washington,O157,107,66456,0.945,0.904,71.0,52.0,5.75,50.43,"5,646","6,129",100
659,479,2015,7,Minnesota,Other,5,0.0,0.0,2015 7 Minnesota,O157,68,79627,0.95,0.9009999999999999,82.0,62.0,5.75,50.43,"5,646","6,129",100
660,500,2014,8,Minnesota,Other,2,0.0,0.0,2014 8 Minnesota,O157,68,79627,0.95,0.9009999999999999,73.0,53.0,5.75,50.43,"5,646","6,129",100
661,512,2015,9,Minnesota,Food,7,0.0,0.0,2015 9 Minnesota,O157,68,79627,0.95,0.9009999999999999,59.0,41.0,5.75,50.43,"5,646","6,129",100
662,521,2015,10,Minnesota,Food,2,1.0,0.0,2015 10 Minnesota,O157,68,79627,0.95,0.9009999999999999,42.0,27.0,5.75,50.43,"5,646","6,129",100
663,522,2015,10,Minnesota,Food,3,0.0,0.0,2015 10 Minnesota,O157,68,79627,0.95,0.9009999999999999,42.0,27.0,5.75,50.43,"5,646","6,129",100
664,537,2015,6,Minnesota,Food,2,1.0,0.0,2015 6 Minnesota,O157,68,79627,0.95,0.9009999999999999,85.0,64.0,5.75,50.43,"5,646","6,129",100
665,538,2015,6,Minnesota,Other,15,2.0,0.0,2015 6 Minnesota,O157,68,79627,0.95,0.9009999999999999,85.0,64.0,5.75,50.43,"5,646","6,129",100
666,630,2014,9,Kansas,Other,2,0.0,0.0,2014 9 Kansas,O157,36,81759,0.926,0.887,68.0,45.0,5.75,50.43,"5,646","6,129",100
667,634,2017,9,Kansas,Other,6,5.0,0.0,2017 9 Kansas,O157,36,81759,0.926,0.887,68.0,45.0,5.75,50.43,"5,646","6,129",100
668,671,2017,5,Virginia,Other,2,1.0,0.0,2017 5 Virginia,O157,212,39490,0.933,0.882,86.0,65.0,5.75,50.43,"5,646","6,129",100
669,699,2017,11,Texas,Other,3,1.0,0.0,2017 11 Texas,O157,105,261232,0.914,0.868,63.0,42.0,5.75,50.43,"5,646","6,129",100
670,715,2015,1,Kentucky,Food,2,2.0,0.0,2015 1 Kentucky,O157,112,39486,0.8859999999999999,0.843,45.0,23.0,5.75,50.43,"5,646","6,129",100
671,717,2009,11,South Carolina,Other,4,0.0,0.0,2009 11 South Carolina,O157,162,30061,0.894,0.846,58.0,35.0,5.75,50.43,"5,646","6,129",100
672,777,2017,10,California,Food,244,29.0,0.0,2017 10 California,O157,251,"155,959[5]",0.934,0.882,64.0,43.0,5.75,50.43,"5,646","6,129",100
673,831,2012,11,Mississippi,Other,12,1.0,0.0,2012 11 Mississippi,O157,63,46923,0.866,0.825,58.0,37.0,5.75,50.43,"5,646","6,129",100
674,836,2003,6,Florida,Food,2,,,2003 6 Florida,O157,378,53625,0.913,0.873,92.0,72.0,5.75,50.43,"5,646","6,129",100
675,837,2000,10,Florida,Food,7,,,2000 10 Florida,O157,378,53625,0.913,0.873,73.0,47.0,5.75,50.43,"5,646","6,129",100
676,843,2002,8,Florida,Food,2,1.0,0.0,2002 8 Florida,O157,378,53625,0.913,0.873,88.0,68.0,5.75,50.43,"5,646","6,129",100
677,844,2002,8,Florida,Food,2,1.0,0.0,2002 8 Florida,O157,378,53625,0.913,0.873,88.0,68.0,5.75,50.43,"5,646","6,129",100
678,867,2010,3,Hawaii,Food,7,4.0,0.0,2010 3 Hawaii,O157,222,6423,0.943,0.902,83.0,69.0,5.75,50.43,"5,646","6,129",100
679,891,2016,6,Alaska,Other,9,1.0,0.0,2016 6 Alaska,O157,1,570641,0.942,0.912,65.0,52.0,5.75,50.43,"5,646","6,129",100
680,25,2016,3,Connecticut,Other,50,7.0,0.0,2016 3 Connecticut,O103,741,4842,0.957,0.9109999999999999,58.0,41.0,5.73,50.65,"5,697","6,225",98
681,45,2016,7,Ohio,Other,7,0.0,0.0,2016 7 Ohio,O103,284,40861,0.917,0.8740000000000001,84.0,63.0,5.73,50.65,"5,697","6,225",98
682,62,2017,8,Ohio,Other,4,0.0,0.0,2017 8 Ohio,O103,284,40861,0.917,0.8740000000000001,77.0,56.0,5.73,50.65,"5,697","6,225",98
683,74,2014,3,Ohio,Other,3,0.0,0.0,2014 3 Ohio,O103,284,40861,0.917,0.8740000000000001,63.0,41.0,5.73,50.65,"5,697","6,225",98
684,79,2014,5,Ohio,Other,4,0.0,0.0,2014 5 Ohio,O103,284,40861,0.917,0.8740000000000001,82.0,61.0,5.73,50.65,"5,697","6,225",98
685,86,2015,10,Ohio,Other,5,0.0,0.0,2015 10 Ohio,O103,284,40861,0.917,0.8740000000000001,52.0,35.0,5.73,50.65,"5,697","6,225",98
686,88,2015,11,Ohio,Other,6,1.0,0.0,2015 11 Ohio,O103,284,40861,0.917,0.8740000000000001,41.0,26.0,5.73,50.65,"5,697","6,225",98
687,237,2012,6,Oregon,Other,4,1.0,0.0,2012 6 Oregon,O103,41,95988,0.934,0.882,82.0,53.0,5.73,50.65,"5,697","6,225",98
688,247,2017,9,Oregon,Food,13,2.0,0.0,2017 9 Oregon,O103,41,95988,0.934,0.882,64.0,42.0,5.73,50.65,"5,697","6,225",98
689,287,2011,10,Wisconsin,Other,6,3.0,0.0,2011 10 Wisconsin,O103,106,54158,0.932,0.8859999999999999,46.0,32.0,5.73,50.65,"5,697","6,225",98
690,418,2000,7,Washington,Food,18,2.0,0.0,2000 7 Washington,O103,107,66456,0.945,0.904,76.0,56.0,5.73,50.65,"5,697","6,225",98
691,523,2013,5,Minnesota,Other,3,0.0,0.0,2013 5 Minnesota,O103,68,79627,0.95,0.9009999999999999,80.0,59.0,5.73,50.65,"5,697","6,225",98
692,619,2015,3,North Carolina,Other,20,1.0,0.0,2015 3 North Carolina,O103,206,48618,0.909,0.861,72.0,47.0,5.73,50.65,"5,697","6,225",98
693,644,2015,8,Kansas,Other,12,0.0,0.0,2015 8 Kansas,O103,36,81759,0.926,0.887,80.0,56.0,5.73,50.65,"5,697","6,225",98
694,34,2011,7,Ohio,Other,2,2.0,0.0,2011 7 Ohio,O111,284,40861,0.917,0.8740000000000001,84.0,63.0,5.28,50.59,"5,155","5,615",100
695,37,2012,7,Ohio,Other,4,2.0,0.0,2012 7 Ohio,O111,284,40861,0.917,0.8740000000000001,84.0,63.0,5.28,50.59,"5,155","5,615",100
696,38,2013,7,Ohio,Other,5,0.0,0.0,2013 7 Ohio,O111,284,40861,0.917,0.8740000000000001,84.0,63.0,5.28,50.59,"5,155","5,615",100
697,50,2014,6,Ohio,Other,6,1.0,0.0,2014 6 Ohio,O111,284,40861,0.917,0.8740000000000001,85.0,65.0,5.28,50.59,"5,155","5,615",100
698,75,2015,3,Ohio,Other,3,0.0,0.0,2015 3 Ohio,O111,284,40861,0.917,0.8740000000000001,63.0,41.0,5.28,50.59,"5,155","5,615",100
699,122,2004,9,New York,Food,212,14.0,0.0,2004 9 New York,O111,420,47126,0.946,0.888,65.0,50.0,5.28,50.59,"5,155","5,615",100
700,255,2011,7,Wisconsin,Other,4,0.0,0.0,2011 7 Wisconsin,O111,106,54158,0.932,0.8859999999999999,78.0,63.0,5.28,50.59,"5,155","5,615",100
701,275,2011,9,Wisconsin,Food,12,0.0,0.0,2011 9 Wisconsin,O111,106,54158,0.932,0.8859999999999999,59.0,43.0,5.28,50.59,"5,155","5,615",100
702,294,2013,5,Wisconsin,Food,3,2.0,0.0,2013 5 Wisconsin,O111,106,54158,0.932,0.8859999999999999,75.0,57.0,5.28,50.59,"5,155","5,615",100
703,320,2016,10,Tennessee,Other,4,2.0,0.0,2016 10 Tennessee,O111,160,41235,0.897,0.851,63.0,44.0,5.28,50.59,"5,155","5,615",100
704,340,2013,6,Missouri,Other,10,4.0,0.0,2013 6 Missouri,O111,88,68742,0.91,0.871,88.0,68.0,5.28,50.59,"5,155","5,615",100
705,342,2016,6,Missouri,Other,13,1.0,0.0,2016 6 Missouri,O111,88,68742,0.91,0.871,88.0,68.0,5.28,50.59,"5,155","5,615",100
706,343,2016,6,Missouri,Other,4,0.0,0.0,2016 6 Missouri,O111,88,68742,0.91,0.871,88.0,68.0,5.28,50.59,"5,155","5,615",100
707,482,2016,7,Minnesota,Other,8,0.0,0.0,2016 7 Minnesota,O111,68,79627,0.95,0.9009999999999999,82.0,62.0,5.28,50.59,"5,155","5,615",100
708,488,2017,7,Minnesota,Other,21,2.0,0.0,2017 7 Minnesota,O111,68,79627,0.95,0.9009999999999999,82.0,62.0,5.28,50.59,"5,155","5,615",100
709,532,2014,6,Minnesota,Food,15,4.0,0.0,2014 6 Minnesota,O111,68,79627,0.95,0.9009999999999999,85.0,64.0,5.28,50.59,"5,155","5,615",100
710,542,2014,11,Minnesota,Food,3,0.0,0.0,2014 11 Minnesota,O111,68,79627,0.95,0.9009999999999999,29.0,13.0,5.28,50.59,"5,155","5,615",100
711,543,2014,11,Minnesota,Other,2,0.0,0.0,2014 11 Minnesota,O111,68,79627,0.95,0.9009999999999999,29.0,13.0,5.28,50.59,"5,155","5,615",100
712,554,2013,7,Pennsylvania,Other,5,0.0,0.0,2013 7 Pennsylvania,O111,286,44743,0.927,0.8740000000000001,85.0,68.0,5.28,50.59,"5,155","5,615",100
713,564,2017,8,Pennsylvania,Other,7,0.0,0.0,2017 8 Pennsylvania,O111,286,44743,0.927,0.8740000000000001,78.0,60.0,5.28,50.59,"5,155","5,615",100
714,586,2016,6,Pennsylvania,Other,4,0.0,0.0,2016 6 Pennsylvania,O111,286,44743,0.927,0.8740000000000001,87.0,69.0,5.28,50.59,"5,155","5,615",100
715,588,2015,4,Pennsylvania,Other,2,0.0,0.0,2015 4 Pennsylvania,O111,286,44743,0.927,0.8740000000000001,74.0,54.0,5.28,50.59,"5,155","5,615",100
716,591,2011,6,New Hampshire,Other,2,0.0,0.0,2011 6 New Hampshire,O111,148,8953,0.947,0.898,82.0,58.0,5.28,50.59,"5,155","5,615",100
717,627,2007,3,Maine,Food,8,0.0,0.0,2007 3 Maine,O111,43,30843,0.919,0.8759999999999999,53.0,35.0,5.28,50.59,"5,155","5,615",100
718,679,2009,7,South Dakota,Other,11,4.0,0.0,2009 7 South Dakota,O111,11,75811,0.931,0.87,82.0,57.0,5.28,50.59,"5,155","5,615",100
719,684,1999,6,Texas,Food,55,,0.0,1999 6 Texas,O111,105,261232,0.914,0.868,96.0,74.0,5.28,50.59,"5,155","5,615",100
720,728,2012,7,Illinois,Other,7,0.0,0.0,2012 7 Illinois,O111,231,55519,0.933,0.883,82.0,66.0,5.28,50.59,"5,155","5,615",100
721,742,2017,5,Illinois,Food,11,1.0,0.0,2017 5 Illinois,O111,231,55519,0.933,0.883,81.0,63.0,5.28,50.59,"5,155","5,615",100
722,806,2009,7,Wyoming,Food,2,0.0,0.0,2009 7 Wyoming,O111,6,97093,0.937,0.8959999999999999,81.0,54.0,5.28,50.59,"5,155","5,615",100
723,818,2016,6,Iowa,Food,10,0.0,0.0,2016 6 Iowa,O111,55,55857,0.931,0.885,86.0,67.0,5.28,50.59,"5,155","5,615",100
724,827,2008,8,Oklahoma,Food,344,71.0,1.0,2008 8 Oklahoma,O111,57,68595,0.899,0.858,85.0,63.0,5.28,50.59,"5,155","5,615",100
725,856,2015,9,Indiana,Other,5,0.0,0.0,2015 9 Indiana,O111,184,35826,0.91,0.8690000000000001,65.0,42.0,5.28,50.59,"5,155","5,615",100
726,870,2014,4,Arkansas,Other,2,0.0,0.0,2014 4 Arkansas,O111,57,52035,0.883,0.8390000000000001,81.0,61.0,5.28,50.59,"5,155","5,615",100
727,885,2008,7,Nebraska,Food,34,2.0,,2008 7 Nebraska,O111,24,76824,0.937,0.889,86.0,64.0,5.28,50.59,"5,155","5,615",100
728,894,2007,7,North Dakota,Food,23,0.0,0.0,2007 7 North Dakota,O111,10,69001,0.948,0.8740000000000001,83.0,56.0,5.28,50.59,"5,155","5,615",100
729,81,2014,5,Ohio,Other,4,0.0,0.0,2014 5 Ohio,O146:H21,284,40861,0.917,0.8740000000000001,82.0,61.0,5.54,50.70,"5,397","5,821",92
730,96,2011,5,New York,Food,19,0.0,0.0,2011 5 New York,O6:H16,420,47126,0.946,0.888,79.0,64.0,4.97,50.57,"4,627","5,279",87
731,503,1998,8,Minnesota,Food,66,0.0,0.0,1998 8 Minnesota,O6:H16,68,79627,0.95,0.9009999999999999,73.0,53.0,4.97,50.57,"4,627","5,279",87
732,785,2010,1,California,Food,19,0.0,0.0,2010 1 California,O6:H16,251,"155,959[5]",0.934,0.882,60.0,41.0,4.97,50.57,"4,627","5,279",87
733,136,2010,4,Colorado,Other,10,0.0,0.0,2010 4 Colorado,O111:NM,52,103642,0.947,0.9059999999999999,72.0,43.0,5.13,50.60,"4,753","5,144",98
734,151,2012,7,Colorado,Food,2,0.0,0.0,2012 7 Colorado,O111:NM,52,103642,0.947,0.9059999999999999,88.0,57.0,5.13,50.60,"4,753","5,144",98
735,201,2013,3,Idaho,Other,2,0.0,0.0,2013 3 Idaho,O111:NM,20,82643,0.911,0.872,62.0,39.0,5.13,50.60,"4,753","5,144",98
736,467,2012,7,Minnesota,Other,10,1.0,0.0,2012 7 Minnesota,O111:NM,68,79627,0.95,0.9009999999999999,82.0,62.0,5.13,50.60,"4,753","5,144",98
737,515,2011,10,Minnesota,Food,14,0.0,0.0,2011 10 Minnesota,O111:NM,68,79627,0.95,0.9009999999999999,42.0,27.0,5.13,50.60,"4,753","5,144",98
738,624,2015,9,Maine,Other,2,2.0,1.0,2015 9 Maine,O111:NM,43,30843,0.919,0.8759999999999999,57.0,40.0,5.13,50.60,"4,753","5,144",98
739,775,2015,10,California,Food,15,1.0,0.0,2015 10 California,O111:NM,251,"155,959[5]",0.934,0.882,64.0,43.0,5.13,50.60,"4,753","5,144",98
740,189,2011,5,Idaho,Other,3,0.0,0.0,2011 5 Idaho,O26:H11,20,82643,0.911,0.872,81.0,54.0,5.86,50.66,"5,906","6,377",101
741,192,2011,6,Idaho,Other,6,0.0,0.0,2011 6 Idaho,O26:H11,20,82643,0.911,0.872,91.0,60.0,5.86,50.66,"5,906","6,377",101
742,193,2011,9,Idaho,Other,2,0.0,0.0,2011 9 Idaho,O26:H11,20,82643,0.911,0.872,65.0,41.0,5.86,50.66,"5,906","6,377",101
743,391,2010,6,Washington,Other,24,0.0,0.0,2010 6 Washington,O26:H11,107,66456,0.945,0.904,76.0,56.0,5.86,50.66,"5,906","6,377",101
744,436,2010,2,Washington,Food,6,0.0,0.0,2010 2 Washington,O26:H11,107,66456,0.945,0.904,54.0,39.0,5.86,50.66,"5,906","6,377",101
745,585,2015,6,Pennsylvania,Other,3,0.0,0.0,2015 6 Pennsylvania,O26:H11,286,44743,0.927,0.8740000000000001,87.0,69.0,5.86,50.66,"5,906","6,377",101
746,234,2012,1,Oregon,Other,5,0.0,0.0,2012 1 Oregon,O118:H16,41,95988,0.934,0.882,52.0,35.0,5.31,50.40,"5,307","5,759",77
