,Year,Month,State,Primary Mode,Illnesses,Outbreak ID,Strain,Density (Pop./ mi2),Landarea(mi2),HDI (2017)[note 1],HDI (1995),Average High (F),Average Low (F),Length of Genome,%GC,Protein Coding Genes,Genes Overall,tRNA Genes
0,2009,1,Massachusetts,Food,3,2009 1 Massachusetts,O157:H7,871,7800,0.96,0.905,39,25,5.59,50.45,5155,5417,103
1,2010,7,Massachusetts,Other,2,2010 7 Massachusetts,O157:H7,871,7800,0.96,0.905,80,65,5.59,50.45,5155,5417,103
2,2011,7,Massachusetts,Other,8,2011 7 Massachusetts,O157:H7,871,7800,0.96,0.905,80,65,5.59,50.45,5155,5417,103
3,2012,4,Massachusetts,Food,2,2012 4 Massachusetts,O157:H7,871,7800,0.96,0.905,66,50,5.59,50.45,5155,5417,103
4,2012,5,Massachusetts,Food,6,2012 5 Massachusetts,O157:H7,871,7800,0.96,0.905,76,60,5.59,50.45,5155,5417,103
5,2001,5,Massachusetts,Food,8,2001 5 Massachusetts,O157:H7,871,7800,0.96,0.905,76,60,5.59,50.45,5155,5417,103
6,2012,11,Massachusetts,Food,8,2012 11 Massachusetts,O157:H7,871,7800,0.96,0.905,41,28,5.59,50.45,5155,5417,103
7,2007,10,Massachusetts,Food,9,2007 10 Massachusetts,O157:H7,871,7800,0.96,0.905,51,38,5.59,50.45,5155,5417,103
8,2013,8,Massachusetts,Other,2,2013 8 Massachusetts,O157:H7,871,7800,0.96,0.905,72,57,5.59,50.45,5155,5417,103
9,2000,8,Massachusetts,Food,5,2000 8 Massachusetts,O157:H7,871,7800,0.96,0.905,72,57,5.59,50.45,5155,5417,103
10,2002,8,Massachusetts,Food,13,2002 8 Massachusetts,O157:H7,871,7800,0.96,0.905,72,57,5.59,50.45,5155,5417,103
11,2014,6,Massachusetts,Food,4,2014 6 Massachusetts,O157:H7,871,7800,0.96,0.905,81,65,5.59,50.45,5155,5417,103
12,2001,9,Massachusetts,Food,12,2001 9 Massachusetts,O157:H7,871,7800,0.96,0.905,61,47,5.59,50.45,5155,5417,103
13,2002,9,Massachusetts,Food,66,2002 9 Massachusetts,O157:H7,871,7800,0.96,0.905,61,47,5.59,50.45,5155,5417,103
14,2015,9,Massachusetts,Food,3,2015 9 Massachusetts,O157:H7,871,7800,0.96,0.905,61,47,5.59,50.45,5155,5417,103
15,2017,3,Massachusetts,Food,16,2017 3 Massachusetts,O157:H7,871,7800,0.96,0.905,56,41,5.59,50.45,5155,5417,103
16,2009,3,Connecticut,Food,60,2009 3 Connecticut,O157:H7,741,4842,0.9570000000000001,0.911,58,41,5.59,50.45,5155,5417,103
17,2005,1,Connecticut,Food,7,2005 1 Connecticut,O157:H7,741,4842,0.9570000000000001,0.911,40,25,5.59,50.45,5155,5417,103
18,2016,10,Connecticut,Food,5,2016 10 Connecticut,O157:H7,741,4842,0.9570000000000001,0.911,53,38,5.59,50.45,5155,5417,103
19,2009,7,Ohio,Other,3,2009 7 Ohio,O157:H7,284,40861,0.917,0.8740000000000001,84,63,5.59,50.45,5155,5417,103
20,2010,7,Ohio,Food,8,2010 7 Ohio,O157:H7,284,40861,0.917,0.8740000000000001,84,63,5.59,50.45,5155,5417,103
21,2012,7,Ohio,Food,77,2012 7 Ohio,O157:H7,284,40861,0.917,0.8740000000000001,84,63,5.59,50.45,5155,5417,103
22,2014,7,Ohio,Other,2,2014 7 Ohio,O157:H7,284,40861,0.917,0.8740000000000001,84,63,5.59,50.45,5155,5417,103
23,1999,7,Ohio,Food,18,1999 7 Ohio,O157:H7,284,40861,0.917,0.8740000000000001,84,63,5.59,50.45,5155,5417,103
24,2016,7,Ohio,Other,4,2016 7 Ohio,O157:H7,284,40861,0.917,0.8740000000000001,84,63,5.59,50.45,5155,5417,103
25,2017,7,Ohio,Food,37,2017 7 Ohio,O157:H7,284,40861,0.917,0.8740000000000001,84,63,5.59,50.45,5155,5417,103
26,2011,6,Ohio,Other,2,2011 6 Ohio,O157:H7,284,40861,0.917,0.8740000000000001,85,65,5.59,50.45,5155,5417,103
27,2013,6,Ohio,Food,5,2013 6 Ohio,O157:H7,284,40861,0.917,0.8740000000000001,85,65,5.59,50.45,5155,5417,103
28,2004,6,Ohio,Food,8,2004 6 Ohio,O157:H7,284,40861,0.917,0.8740000000000001,85,65,5.59,50.45,5155,5417,103
29,2009,6,Ohio,Food,2,2009 6 Ohio,O157:H7,284,40861,0.917,0.8740000000000001,85,65,5.59,50.45,5155,5417,103
30,2016,6,Ohio,Other,2,2016 6 Ohio,O157:H7,284,40861,0.917,0.8740000000000001,85,65,5.59,50.45,5155,5417,103
31,2011,8,Ohio,Other,3,2011 8 Ohio,O157:H7,284,40861,0.917,0.8740000000000001,77,56,5.59,50.45,5155,5417,103
32,2009,8,Ohio,Food,11,2009 8 Ohio,O157:H7,284,40861,0.917,0.8740000000000001,77,56,5.59,50.45,5155,5417,103
33,2012,8,Ohio,Other,7,2012 8 Ohio,O157:H7,284,40861,0.917,0.8740000000000001,77,56,5.59,50.45,5155,5417,103
34,2014,8,Ohio,Other,7,2014 8 Ohio,O157:H7,284,40861,0.917,0.8740000000000001,77,56,5.59,50.45,5155,5417,103
35,2014,8,Ohio,Other,3,2014 8 Ohio,O157:H7,284,40861,0.917,0.8740000000000001,77,56,5.59,50.45,5155,5417,103
36,2005,8,Ohio,Food,18,2005 8 Ohio,O157:H7,284,40861,0.917,0.8740000000000001,77,56,5.59,50.45,5155,5417,103
37,2011,9,Ohio,Food,4,2011 9 Ohio,O157:H7,284,40861,0.917,0.8740000000000001,65,44,5.59,50.45,5155,5417,103
38,2011,9,Ohio,Other,3,2011 9 Ohio,O157:H7,284,40861,0.917,0.8740000000000001,65,44,5.59,50.45,5155,5417,103
39,2002,9,Ohio,Food,13,2002 9 Ohio,O157:H7,284,40861,0.917,0.8740000000000001,65,44,5.59,50.45,5155,5417,103
40,2015,9,Ohio,Other,4,2015 9 Ohio,O157:H7,284,40861,0.917,0.8740000000000001,65,44,5.59,50.45,5155,5417,103
41,2010,9,Ohio,Other,5,2010 9 Ohio,O157:H7,284,40861,0.917,0.8740000000000001,65,44,5.59,50.45,5155,5417,103
42,2009,4,Ohio,Food,3,2009 4 Ohio,O157:H7,284,40861,0.917,0.8740000000000001,73,52,5.59,50.45,5155,5417,103
43,2006,4,Ohio,Food,7,2006 4 Ohio,O157:H7,284,40861,0.917,0.8740000000000001,73,52,5.59,50.45,5155,5417,103
44,1999,4,Ohio,Food,12,1999 4 Ohio,O157:H7,284,40861,0.917,0.8740000000000001,73,52,5.59,50.45,5155,5417,103
45,2014,2,Ohio,Other,3,2014 2 Ohio,O157:H7,284,40861,0.917,0.8740000000000001,52,32,5.59,50.45,5155,5417,103
46,2011,2,Ohio,Other,3,2011 2 Ohio,O157:H7,284,40861,0.917,0.8740000000000001,52,32,5.59,50.45,5155,5417,103
47,2014,1,Ohio,Other,3,2014 1 Ohio,O157:H7,284,40861,0.917,0.8740000000000001,40,24,5.59,50.45,5155,5417,103
48,2015,1,Ohio,Other,3,2015 1 Ohio,O157:H7,284,40861,0.917,0.8740000000000001,40,24,5.59,50.45,5155,5417,103
49,2017,1,Ohio,Other,4,2017 1 Ohio,O157:H7,284,40861,0.917,0.8740000000000001,40,24,5.59,50.45,5155,5417,103
50,2014,5,Ohio,Other,4,2014 5 Ohio,O157:H7,284,40861,0.917,0.8740000000000001,82,61,5.59,50.45,5155,5417,103
51,1999,10,Ohio,Food,47,1999 10 Ohio,O157:H7,284,40861,0.917,0.8740000000000001,52,35,5.59,50.45,5155,5417,103
52,2003,10,Ohio,Food,10,2003 10 Ohio,O157:H7,284,40861,0.917,0.8740000000000001,52,35,5.59,50.45,5155,5417,103
53,2002,11,Ohio,Food,5,2002 11 Ohio,O157:H7,284,40861,0.917,0.8740000000000001,41,26,5.59,50.45,5155,5417,103
54,2011,5,Louisiana,Other,8,2011 5 Louisiana,O157:H7,108,43204,0.89,0.8490000000000001,89,74,5.59,50.45,5155,5417,103
55,2011,11,Louisiana,Other,2,2011 11 Louisiana,O157:H7,108,43204,0.89,0.8490000000000001,64,47,5.59,50.45,5155,5417,103
56,2012,11,Louisiana,Other,3,2012 11 Louisiana,O157:H7,108,43204,0.89,0.8490000000000001,64,47,5.59,50.45,5155,5417,103
57,2012,8,Louisiana,Food,3,2012 8 Louisiana,O157:H7,108,43204,0.89,0.8490000000000001,87,72,5.59,50.45,5155,5417,103
58,2013,10,Louisiana,Other,3,2013 10 Louisiana,O157:H7,108,43204,0.89,0.8490000000000001,72,53,5.59,50.45,5155,5417,103
59,2015,3,Louisiana,Other,15,2015 3 Louisiana,O157:H7,108,43204,0.89,0.8490000000000001,78,60,5.59,50.45,5155,5417,103
60,2002,5,New York,Food,2,2002 5 New York,O157:H7,420,47126,0.946,0.888,79,64,5.59,50.45,5155,5417,103
61,2006,5,New York,Food,3,2006 5 New York,O157:H7,420,47126,0.946,0.888,79,64,5.59,50.45,5155,5417,103
62,2000,3,New York,Food,43,2000 3 New York,O157:H7,420,47126,0.946,0.888,60,44,5.59,50.45,5155,5417,103
63,2006,3,New York,Food,6,2006 3 New York,O157:H7,420,47126,0.946,0.888,60,44,5.59,50.45,5155,5417,103
64,2011,3,New York,Food,2,2011 3 New York,O157:H7,420,47126,0.946,0.888,60,44,5.59,50.45,5155,5417,103
65,2011,7,New York,Food,2,2011 7 New York,O157:H7,420,47126,0.946,0.888,83,69,5.59,50.45,5155,5417,103
66,2009,7,New York,Food,2,2009 7 New York,O157:H7,420,47126,0.946,0.888,83,69,5.59,50.45,5155,5417,103
67,2009,7,New York,Food,2,2009 7 New York,O157:H7,420,47126,0.946,0.888,83,69,5.59,50.45,5155,5417,103
68,2009,7,New York,Food,3,2009 7 New York,O157:H7,420,47126,0.946,0.888,83,69,5.59,50.45,5155,5417,103
69,2000,7,New York,Food,2,2000 7 New York,O157:H7,420,47126,0.946,0.888,83,69,5.59,50.45,5155,5417,103
70,2001,7,New York,Food,9,2001 7 New York,O157:H7,420,47126,0.946,0.888,83,69,5.59,50.45,5155,5417,103
71,2007,7,New York,Food,3,2007 7 New York,O157:H7,420,47126,0.946,0.888,83,69,5.59,50.45,5155,5417,103
72,2007,7,New York,Food,2,2007 7 New York,O157:H7,420,47126,0.946,0.888,83,69,5.59,50.45,5155,5417,103
73,2008,7,New York,Food,8,2008 7 New York,O157:H7,420,47126,0.946,0.888,83,69,5.59,50.45,5155,5417,103
74,2009,8,New York,Food,2,2009 8 New York,O157:H7,420,47126,0.946,0.888,76,61,5.59,50.45,5155,5417,103
75,1998,8,New York,Food,5,1998 8 New York,O157:H7,420,47126,0.946,0.888,76,61,5.59,50.45,5155,5417,103
76,1998,8,New York,Food,19,1998 8 New York,O157:H7,420,47126,0.946,0.888,76,61,5.59,50.45,5155,5417,103
77,2001,8,New York,Food,2,2001 8 New York,O157:H7,420,47126,0.946,0.888,76,61,5.59,50.45,5155,5417,103
78,2005,10,New York,Food,3,2005 10 New York,O157:H7,420,47126,0.946,0.888,54,41,5.59,50.45,5155,5417,103
79,2011,10,New York,Other,2,2011 10 New York,O157:H7,420,47126,0.946,0.888,54,41,5.59,50.45,5155,5417,103
80,2000,9,New York,Food,18,2000 9 New York,O157:H7,420,47126,0.946,0.888,65,50,5.59,50.45,5155,5417,103
81,2008,9,New York,Food,8,2008 9 New York,O157:H7,420,47126,0.946,0.888,65,50,5.59,50.45,5155,5417,103
82,2010,6,New York,Food,3,2010 6 New York,O157:H7,420,47126,0.946,0.888,85,70,5.59,50.45,5155,5417,103
83,2015,6,New York,Food,2,2015 6 New York,O157:H7,420,47126,0.946,0.888,85,70,5.59,50.45,5155,5417,103
84,2004,11,New York,Food,2,2004 11 New York,O157:H7,420,47126,0.946,0.888,44,32,5.59,50.45,5155,5417,103
85,2005,1,New York,Food,2,2005 1 New York,O157:H7,420,47126,0.946,0.888,42,29,5.59,50.45,5155,5417,103
86,2006,1,New York,Food,2,2006 1 New York,O157:H7,420,47126,0.946,0.888,42,29,5.59,50.45,5155,5417,103
87,2011,1,New York,Food,2,2011 1 New York,O157:H7,420,47126,0.946,0.888,42,29,5.59,50.45,5155,5417,103
88,2011,2,New York,Food,2,2011 2 New York,O157:H7,420,47126,0.946,0.888,50,35,5.59,50.45,5155,5417,103
89,2010,7,Arizona,Food,16,2010 7 Arizona,O157:H7,60,113594,0.9129999999999999,0.875,104,83,5.59,50.45,5155,5417,103
90,2013,7,Arizona,Food,94,2013 7 Arizona,O157:H7,60,113594,0.9129999999999999,0.875,104,83,5.59,50.45,5155,5417,103
91,2013,8,Arizona,Other,8,2013 8 Arizona,O157:H7,60,113594,0.9129999999999999,0.875,100,77,5.59,50.45,5155,5417,103
92,2010,4,Arizona,Other,5,2010 4 Arizona,O157:H7,60,113594,0.9129999999999999,0.875,95,69,5.59,50.45,5155,5417,103
93,2013,10,Colorado,Food,9,2013 10 Colorado,O157:H7,52,103642,0.9470000000000001,0.906,52,25,5.59,50.45,5155,5417,103
94,2010,10,Colorado,Other,6,2010 10 Colorado,O157:H7,52,103642,0.9470000000000001,0.906,52,25,5.59,50.45,5155,5417,103
95,2014,6,Colorado,Other,3,2014 6 Colorado,O157:H7,52,103642,0.9470000000000001,0.906,90,59,5.59,50.45,5155,5417,103
96,2000,6,Colorado,Food,16,2000 6 Colorado,O157:H7,52,103642,0.9470000000000001,0.906,90,59,5.59,50.45,5155,5417,103
97,2000,6,Colorado,Food,7,2000 6 Colorado,O157:H7,52,103642,0.9470000000000001,0.906,90,59,5.59,50.45,5155,5417,103
98,2010,6,Colorado,Food,30,2010 6 Colorado,O157:H7,52,103642,0.9470000000000001,0.906,90,59,5.59,50.45,5155,5417,103
99,2015,6,Colorado,Food,6,2015 6 Colorado,O157:H7,52,103642,0.9470000000000001,0.906,90,59,5.59,50.45,5155,5417,103
100,2015,6,Colorado,Food,16,2015 6 Colorado,O157:H7,52,103642,0.9470000000000001,0.906,90,59,5.59,50.45,5155,5417,103
101,2001,7,Colorado,Food,13,2001 7 Colorado,O157:H7,52,103642,0.9470000000000001,0.906,88,57,5.59,50.45,5155,5417,103
102,2003,7,Colorado,Food,2,2003 7 Colorado,O157:H7,52,103642,0.9470000000000001,0.906,88,57,5.59,50.45,5155,5417,103
103,2004,7,Colorado,Food,4,2004 7 Colorado,O157:H7,52,103642,0.9470000000000001,0.906,88,57,5.59,50.45,5155,5417,103
104,2006,7,Colorado,Food,20,2006 7 Colorado,O157:H7,52,103642,0.9470000000000001,0.906,88,57,5.59,50.45,5155,5417,103
105,2008,7,Colorado,Food,3,2008 7 Colorado,O157:H7,52,103642,0.9470000000000001,0.906,88,57,5.59,50.45,5155,5417,103
106,2017,7,Colorado,Other,18,2017 7 Colorado,O157:H7,52,103642,0.9470000000000001,0.906,88,57,5.59,50.45,5155,5417,103
107,2012,9,Colorado,Other,5,2012 9 Colorado,O157:H7,52,103642,0.9470000000000001,0.906,66,37,5.59,50.45,5155,5417,103
108,1999,9,Colorado,Food,9,1999 9 Colorado,O157:H7,52,103642,0.9470000000000001,0.906,66,37,5.59,50.45,5155,5417,103
109,2007,9,Colorado,Food,2,2007 9 Colorado,O157:H7,52,103642,0.9470000000000001,0.906,66,37,5.59,50.45,5155,5417,103
110,2009,1,Colorado,Other,19,2009 1 Colorado,O157:H7,52,103642,0.9470000000000001,0.906,46,19,5.59,50.45,5155,5417,103
111,2009,5,Colorado,Food,3,2009 5 Colorado,O157:H7,52,103642,0.9470000000000001,0.906,82,52,5.59,50.45,5155,5417,103
112,2008,5,Colorado,Food,2,2008 5 Colorado,O157:H7,52,103642,0.9470000000000001,0.906,82,52,5.59,50.45,5155,5417,103
113,2016,5,Colorado,Food,9,2016 5 Colorado,O157:H7,52,103642,0.9470000000000001,0.906,82,52,5.59,50.45,5155,5417,103
114,2013,8,Colorado,Other,5,2013 8 Colorado,O157:H7,52,103642,0.9470000000000001,0.906,79,48,5.59,50.45,5155,5417,103
115,2009,8,Colorado,Other,9,2009 8 Colorado,O157:H7,52,103642,0.9470000000000001,0.906,79,48,5.59,50.45,5155,5417,103
116,2008,8,Colorado,Food,5,2008 8 Colorado,O157:H7,52,103642,0.9470000000000001,0.906,79,48,5.59,50.45,5155,5417,103
117,2016,8,Colorado,Other,5,2016 8 Colorado,O157:H7,52,103642,0.9470000000000001,0.906,79,48,5.59,50.45,5155,5417,103
118,2009,2,Colorado,Other,13,2009 2 Colorado,O157:H7,52,103642,0.9470000000000001,0.906,54,27,5.59,50.45,5155,5417,103
119,2010,3,Colorado,Food,2,2010 3 Colorado,O157:H7,52,103642,0.9470000000000001,0.906,61,34,5.59,50.45,5155,5417,103
120,2011,9,Idaho,Food,5,2011 9 Idaho,O157:H7,20,82643,0.9109999999999999,0.872,65,41,5.59,50.45,5155,5417,103
121,2011,9,Idaho,Other,2,2011 9 Idaho,O157:H7,20,82643,0.9109999999999999,0.872,65,41,5.59,50.45,5155,5417,103
122,2013,9,Idaho,Food,4,2013 9 Idaho,O157:H7,20,82643,0.9109999999999999,0.872,65,41,5.59,50.45,5155,5417,103
123,2015,9,Idaho,Food,15,2015 9 Idaho,O157:H7,20,82643,0.9109999999999999,0.872,65,41,5.59,50.45,5155,5417,103
124,2010,10,Idaho,Food,3,2010 10 Idaho,O157:H7,20,82643,0.9109999999999999,0.872,48,32,5.59,50.45,5155,5417,103
125,1999,10,Idaho,Food,33,1999 10 Idaho,O157:H7,20,82643,0.9109999999999999,0.872,48,32,5.59,50.45,5155,5417,103
126,2017,3,Idaho,Other,3,2017 3 Idaho,O157:H7,20,82643,0.9109999999999999,0.872,62,39,5.59,50.45,5155,5417,103
127,2013,8,Idaho,Other,2,2013 8 Idaho,O157:H7,20,82643,0.9109999999999999,0.872,79,51,5.59,50.45,5155,5417,103
128,2006,11,Idaho,Food,4,2006 11 Idaho,O157:H7,20,82643,0.9109999999999999,0.872,38,24,5.59,50.45,5155,5417,103
129,2009,7,Oregon,Other,3,2009 7 Oregon,O157:H7,41,95988,0.934,0.882,82,53,5.59,50.45,5155,5417,103
130,2011,7,Oregon,Other,2,2011 7 Oregon,O157:H7,41,95988,0.934,0.882,82,53,5.59,50.45,5155,5417,103
131,2011,7,Oregon,Food,15,2011 7 Oregon,O157:H7,41,95988,0.934,0.882,82,53,5.59,50.45,5155,5417,103
132,2013,7,Oregon,Other,2,2013 7 Oregon,O157:H7,41,95988,0.934,0.882,82,53,5.59,50.45,5155,5417,103
133,2014,7,Oregon,Other,3,2014 7 Oregon,O157:H7,41,95988,0.934,0.882,82,53,5.59,50.45,5155,5417,103
134,2011,8,Oregon,Other,2,2011 8 Oregon,O157:H7,41,95988,0.934,0.882,77,48,5.59,50.45,5155,5417,103
135,2009,8,Oregon,Other,2,2009 8 Oregon,O157:H7,41,95988,0.934,0.882,77,48,5.59,50.45,5155,5417,103
136,2013,8,Oregon,Other,2,2013 8 Oregon,O157:H7,41,95988,0.934,0.882,77,48,5.59,50.45,5155,5417,103
137,2014,8,Oregon,Other,2,2014 8 Oregon,O157:H7,41,95988,0.934,0.882,77,48,5.59,50.45,5155,5417,103
138,2000,8,Oregon,Food,37,2000 8 Oregon,O157:H7,41,95988,0.934,0.882,77,48,5.59,50.45,5155,5417,103
139,2003,8,Oregon,Food,12,2003 8 Oregon,O157:H7,41,95988,0.934,0.882,77,48,5.59,50.45,5155,5417,103
140,2010,8,Oregon,Other,3,2010 8 Oregon,O157:H7,41,95988,0.934,0.882,77,48,5.59,50.45,5155,5417,103
141,2010,8,Oregon,Other,3,2010 8 Oregon,O157:H7,41,95988,0.934,0.882,77,48,5.59,50.45,5155,5417,103
142,2016,8,Oregon,Other,3,2016 8 Oregon,O157:H7,41,95988,0.934,0.882,77,48,5.59,50.45,5155,5417,103
143,2011,10,Oregon,Other,2,2011 10 Oregon,O157:H7,41,95988,0.934,0.882,53,38,5.59,50.45,5155,5417,103
144,2012,10,Oregon,Food,4,2012 10 Oregon,O157:H7,41,95988,0.934,0.882,53,38,5.59,50.45,5155,5417,103
145,2014,10,Oregon,Other,2,2014 10 Oregon,O157:H7,41,95988,0.934,0.882,53,38,5.59,50.45,5155,5417,103
146,2005,10,Oregon,Food,64,2005 10 Oregon,O157:H7,41,95988,0.934,0.882,53,38,5.59,50.45,5155,5417,103
147,2012,4,Oregon,Food,16,2012 4 Oregon,O157:H7,41,95988,0.934,0.882,68,45,5.59,50.45,5155,5417,103
148,2010,6,Oregon,Food,4,2010 6 Oregon,O157:H7,41,95988,0.934,0.882,82,53,5.59,50.45,5155,5417,103
149,2010,6,Oregon,Other,11,2010 6 Oregon,O157:H7,41,95988,0.934,0.882,82,53,5.59,50.45,5155,5417,103
150,2009,9,Oregon,Other,4,2009 9 Oregon,O157:H7,41,95988,0.934,0.882,64,42,5.59,50.45,5155,5417,103
151,2009,9,Oregon,Other,4,2009 9 Oregon,O157:H7,41,95988,0.934,0.882,64,42,5.59,50.45,5155,5417,103
152,2001,9,Oregon,Food,8,2001 9 Oregon,O157:H7,41,95988,0.934,0.882,64,42,5.59,50.45,5155,5417,103
153,2010,9,Oregon,Other,7,2010 9 Oregon,O157:H7,41,95988,0.934,0.882,64,42,5.59,50.45,5155,5417,103
154,2003,5,Oregon,Food,3,2003 5 Oregon,O157:H7,41,95988,0.934,0.882,74,49,5.59,50.45,5155,5417,103
155,2006,5,Oregon,Food,4,2006 5 Oregon,O157:H7,41,95988,0.934,0.882,74,49,5.59,50.45,5155,5417,103
156,2006,11,Oregon,Food,3,2006 11 Oregon,O157:H7,41,95988,0.934,0.882,46,34,5.59,50.45,5155,5417,103
157,2007,3,Oregon,Food,2,2007 3 Oregon,O157:H7,41,95988,0.934,0.882,61,40,5.59,50.45,5155,5417,103
158,2011,4,Wisconsin,Food,13,2011 4 Wisconsin,O157:H7,106,54158,0.932,0.8859999999999999,65,47,5.59,50.45,5155,5417,103
159,2011,7,Wisconsin,Other,19,2011 7 Wisconsin,O157:H7,106,54158,0.932,0.8859999999999999,78,63,5.59,50.45,5155,5417,103
160,2012,7,Wisconsin,Other,7,2012 7 Wisconsin,O157:H7,106,54158,0.932,0.8859999999999999,78,63,5.59,50.45,5155,5417,103
161,2000,7,Wisconsin,Food,736,2000 7 Wisconsin,O157:H7,106,54158,0.932,0.8859999999999999,78,63,5.59,50.45,5155,5417,103
162,2000,7,Wisconsin,Food,52,2000 7 Wisconsin,O157:H7,106,54158,0.932,0.8859999999999999,78,63,5.59,50.45,5155,5417,103
163,2017,7,Wisconsin,Other,2,2017 7 Wisconsin,O157:H7,106,54158,0.932,0.8859999999999999,78,63,5.59,50.45,5155,5417,103
164,2011,8,Wisconsin,Other,14,2011 8 Wisconsin,O157:H7,106,54158,0.932,0.8859999999999999,71,55,5.59,50.45,5155,5417,103
165,2000,8,Wisconsin,Food,6,2000 8 Wisconsin,O157:H7,106,54158,0.932,0.8859999999999999,71,55,5.59,50.45,5155,5417,103
166,2001,8,Wisconsin,Food,55,2001 8 Wisconsin,O157:H7,106,54158,0.932,0.8859999999999999,71,55,5.59,50.45,5155,5417,103
167,2002,8,Wisconsin,Food,19,2002 8 Wisconsin,O157:H7,106,54158,0.932,0.8859999999999999,71,55,5.59,50.45,5155,5417,103
168,2010,8,Wisconsin,Other,7,2010 8 Wisconsin,O157:H7,106,54158,0.932,0.8859999999999999,71,55,5.59,50.45,5155,5417,103
169,2009,6,Wisconsin,Other,7,2009 6 Wisconsin,O157:H7,106,54158,0.932,0.8859999999999999,80,64,5.59,50.45,5155,5417,103
170,1998,6,Wisconsin,Food,47,1998 6 Wisconsin,O157:H7,106,54158,0.932,0.8859999999999999,80,64,5.59,50.45,5155,5417,103
171,1998,6,Wisconsin,Food,63,1998 6 Wisconsin,O157:H7,106,54158,0.932,0.8859999999999999,80,64,5.59,50.45,5155,5417,103
172,2011,10,Wisconsin,Other,6,2011 10 Wisconsin,O157:H7,106,54158,0.932,0.8859999999999999,46,32,5.59,50.45,5155,5417,103
173,2011,10,Wisconsin,Food,4,2011 10 Wisconsin,O157:H7,106,54158,0.932,0.8859999999999999,46,32,5.59,50.45,5155,5417,103
174,2012,10,Wisconsin,Other,2,2012 10 Wisconsin,O157:H7,106,54158,0.932,0.8859999999999999,46,32,5.59,50.45,5155,5417,103
175,2000,10,Wisconsin,Food,29,2000 10 Wisconsin,O157:H7,106,54158,0.932,0.8859999999999999,46,32,5.59,50.45,5155,5417,103
176,2001,10,Wisconsin,Food,34,2001 10 Wisconsin,O157:H7,106,54158,0.932,0.8859999999999999,46,32,5.59,50.45,5155,5417,103
177,2013,3,Wisconsin,Food,3,2013 3 Wisconsin,O157:H7,106,54158,0.932,0.8859999999999999,54,37,5.59,50.45,5155,5417,103
178,1998,11,Wisconsin,Food,13,1998 11 Wisconsin,O157:H7,106,54158,0.932,0.8859999999999999,33,20,5.59,50.45,5155,5417,103
179,2011,4,Tennessee,Other,9,2011 4 Tennessee,O157:H7,160,41235,0.897,0.851,81,62,5.59,50.45,5155,5417,103
180,2012,4,Tennessee,Other,8,2012 4 Tennessee,O157:H7,160,41235,0.897,0.851,81,62,5.59,50.45,5155,5417,103
181,1999,4,Tennessee,Food,30,1999 4 Tennessee,O157:H7,160,41235,0.897,0.851,81,62,5.59,50.45,5155,5417,103
182,2002,4,Tennessee,Food,26,2002 4 Tennessee,O157:H7,160,41235,0.897,0.851,81,62,5.59,50.45,5155,5417,103
183,2016,4,Tennessee,Other,22,2016 4 Tennessee,O157:H7,160,41235,0.897,0.851,81,62,5.59,50.45,5155,5417,103
184,2013,5,Tennessee,Other,2,2013 5 Tennessee,O157:H7,160,41235,0.897,0.851,89,70,5.59,50.45,5155,5417,103
185,2008,5,Tennessee,Food,6,2008 5 Tennessee,O157:H7,160,41235,0.897,0.851,89,70,5.59,50.45,5155,5417,103
186,2013,6,Tennessee,Food,7,2013 6 Tennessee,O157:H7,160,41235,0.897,0.851,92,74,5.59,50.45,5155,5417,103
187,2010,6,Tennessee,Other,14,2010 6 Tennessee,O157:H7,160,41235,0.897,0.851,92,74,5.59,50.45,5155,5417,103
188,2013,7,Tennessee,Other,34,2013 7 Tennessee,O157:H7,160,41235,0.897,0.851,91,73,5.59,50.45,5155,5417,103
189,2013,10,Tennessee,Food,9,2013 10 Tennessee,O157:H7,160,41235,0.897,0.851,63,44,5.59,50.45,5155,5417,103
190,2003,10,Tennessee,Food,6,2003 10 Tennessee,O157:H7,160,41235,0.897,0.851,63,44,5.59,50.45,5155,5417,103
191,2008,10,Tennessee,Food,12,2008 10 Tennessee,O157:H7,160,41235,0.897,0.851,63,44,5.59,50.45,5155,5417,103
192,2016,10,Tennessee,Other,4,2016 10 Tennessee,O157:H7,160,41235,0.897,0.851,63,44,5.59,50.45,5155,5417,103
193,2010,2,Tennessee,Food,3,2010 2 Tennessee,O157:H7,160,41235,0.897,0.851,64,44,5.59,50.45,5155,5417,103
194,2014,9,Tennessee,Other,2,2014 9 Tennessee,O157:H7,160,41235,0.897,0.851,74,54,5.59,50.45,5155,5417,103
195,2007,8,Tennessee,Food,2,2007 8 Tennessee,O157:H7,160,41235,0.897,0.851,85,65,5.59,50.45,5155,5417,103
196,2015,11,Tennessee,Food,13,2015 11 Tennessee,O157:H7,160,41235,0.897,0.851,52,35,5.59,50.45,5155,5417,103
197,2011,3,Missouri,Other,3,2011 3 Missouri,O157:H7,88,68742,0.91,0.871,67,44,5.59,50.45,5155,5417,103
198,2012,3,Missouri,Food,19,2012 3 Missouri,O157:H7,88,68742,0.91,0.871,67,44,5.59,50.45,5155,5417,103
199,2014,3,Missouri,Other,5,2014 3 Missouri,O157:H7,88,68742,0.91,0.871,67,44,5.59,50.45,5155,5417,103
200,2011,6,Missouri,Other,8,2011 6 Missouri,O157:H7,88,68742,0.91,0.871,88,68,5.59,50.45,5155,5417,103
201,2013,6,Missouri,Food,6,2013 6 Missouri,O157:H7,88,68742,0.91,0.871,88,68,5.59,50.45,5155,5417,103
202,2016,6,Missouri,Other,13,2016 6 Missouri,O157:H7,88,68742,0.91,0.871,88,68,5.59,50.45,5155,5417,103
203,2011,9,Missouri,Other,4,2011 9 Missouri,O157:H7,88,68742,0.91,0.871,69,45,5.59,50.45,5155,5417,103
204,2012,9,Missouri,Other,8,2012 9 Missouri,O157:H7,88,68742,0.91,0.871,69,45,5.59,50.45,5155,5417,103
205,2016,9,Missouri,Other,26,2016 9 Missouri,O157:H7,88,68742,0.91,0.871,69,45,5.59,50.45,5155,5417,103
206,2012,8,Missouri,Other,12,2012 8 Missouri,O157:H7,88,68742,0.91,0.871,80,57,5.59,50.45,5155,5417,103
207,2013,8,Missouri,Food,3,2013 8 Missouri,O157:H7,88,68742,0.91,0.871,80,57,5.59,50.45,5155,5417,103
208,2016,8,Missouri,Other,6,2016 8 Missouri,O157:H7,88,68742,0.91,0.871,80,57,5.59,50.45,5155,5417,103
209,2009,5,Missouri,Other,12,2009 5 Missouri,O157:H7,88,68742,0.91,0.871,83,64,5.59,50.45,5155,5417,103
210,2008,4,Missouri,Food,4,2008 4 Missouri,O157:H7,88,68742,0.91,0.871,75,54,5.59,50.45,5155,5417,103
211,2003,4,Missouri,Food,3,2003 4 Missouri,O157:H7,88,68742,0.91,0.871,75,54,5.59,50.45,5155,5417,103
212,2010,4,Missouri,Other,28,2010 4 Missouri,O157:H7,88,68742,0.91,0.871,75,54,5.59,50.45,5155,5417,103
213,2000,1,Missouri,Food,8,2000 1 Missouri,O157:H7,88,68742,0.91,0.871,45,25,5.59,50.45,5155,5417,103
214,2015,10,Missouri,Food,6,2015 10 Missouri,O157:H7,88,68742,0.91,0.871,56,35,5.59,50.45,5155,5417,103
215,2010,11,Missouri,Other,11,2010 11 Missouri,O157:H7,88,68742,0.91,0.871,43,24,5.59,50.45,5155,5417,103
216,2011,6,Alabama,Other,19,2011 6 Alabama,O157:H7,95,50645,0.882,0.8390000000000001,92,71,5.59,50.45,5155,5417,103
217,2007,6,Alabama,Food,26,2007 6 Alabama,O157:H7,95,50645,0.882,0.8390000000000001,92,71,5.59,50.45,5155,5417,103
218,2007,7,Alabama,Food,4,2007 7 Alabama,O157:H7,95,50645,0.882,0.8390000000000001,92,71,5.59,50.45,5155,5417,103
219,2008,2,Alabama,Food,17,2008 2 Alabama,O157:H7,95,50645,0.882,0.8390000000000001,70,45,5.59,50.45,5155,5417,103
220,2010,10,Maryland,Food,7,2010 10 Maryland,O157:H7,618,9707,0.94,0.885,58,43,5.59,50.45,5155,5417,103
221,2016,10,Maryland,Food,5,2016 10 Maryland,O157:H7,618,9707,0.94,0.885,58,43,5.59,50.45,5155,5417,103
222,2017,10,Maryland,Other,3,2017 10 Maryland,O157:H7,618,9707,0.94,0.885,58,43,5.59,50.45,5155,5417,103
223,2012,7,Maryland,Food,7,2012 7 Maryland,O157:H7,618,9707,0.94,0.885,87,71,5.59,50.45,5155,5417,103
224,1998,8,Maryland,Food,6,1998 8 Maryland,O157:H7,618,9707,0.94,0.885,80,64,5.59,50.45,5155,5417,103
225,2002,6,Maryland,Food,5,2002 6 Maryland,O157:H7,618,9707,0.94,0.885,89,73,5.59,50.45,5155,5417,103
226,2015,5,Maryland,Other,23,2015 5 Maryland,O157:H7,618,9707,0.94,0.885,85,67,5.59,50.45,5155,5417,103
227,2011,6,Washington,Other,6,2011 6 Washington,O157:H7,107,66456,0.945,0.904,76,56,5.59,50.45,5155,5417,103
228,2013,6,Washington,Other,12,2013 6 Washington,O157:H7,107,66456,0.945,0.904,76,56,5.59,50.45,5155,5417,103
229,1999,6,Washington,Food,5,1999 6 Washington,O157:H7,107,66456,0.945,0.904,76,56,5.59,50.45,5155,5417,103
230,2008,6,Washington,Food,2,2008 6 Washington,O157:H7,107,66456,0.945,0.904,76,56,5.59,50.45,5155,5417,103
231,2011,8,Washington,Food,3,2011 8 Washington,O157:H7,107,66456,0.945,0.904,71,52,5.59,50.45,5155,5417,103
232,2004,8,Washington,Food,6,2004 8 Washington,O157:H7,107,66456,0.945,0.904,71,52,5.59,50.45,5155,5417,103
233,2004,8,Washington,Food,3,2004 8 Washington,O157:H7,107,66456,0.945,0.904,71,52,5.59,50.45,5155,5417,103
234,2010,8,Washington,Other,3,2010 8 Washington,O157:H7,107,66456,0.945,0.904,71,52,5.59,50.45,5155,5417,103
235,2016,8,Washington,Food,9,2016 8 Washington,O157:H7,107,66456,0.945,0.904,71,52,5.59,50.45,5155,5417,103
236,2016,8,Washington,Food,2,2016 8 Washington,O157:H7,107,66456,0.945,0.904,71,52,5.59,50.45,5155,5417,103
237,2017,8,Washington,Other,3,2017 8 Washington,O157:H7,107,66456,0.945,0.904,71,52,5.59,50.45,5155,5417,103
238,2009,5,Washington,Food,5,2009 5 Washington,O157:H7,107,66456,0.945,0.904,70,52,5.59,50.45,5155,5417,103
239,2003,5,Washington,Food,3,2003 5 Washington,O157:H7,107,66456,0.945,0.904,70,52,5.59,50.45,5155,5417,103
240,2004,5,Washington,Food,3,2004 5 Washington,O157:H7,107,66456,0.945,0.904,70,52,5.59,50.45,5155,5417,103
241,2005,5,Washington,Food,3,2005 5 Washington,O157:H7,107,66456,0.945,0.904,70,52,5.59,50.45,5155,5417,103
242,2008,5,Washington,Food,10,2008 5 Washington,O157:H7,107,66456,0.945,0.904,70,52,5.59,50.45,5155,5417,103
243,2010,5,Washington,Food,2,2010 5 Washington,O157:H7,107,66456,0.945,0.904,70,52,5.59,50.45,5155,5417,103
244,2012,10,Washington,Other,4,2012 10 Washington,O157:H7,107,66456,0.945,0.904,51,40,5.59,50.45,5155,5417,103
245,1998,10,Washington,Food,11,1998 10 Washington,O157:H7,107,66456,0.945,0.904,51,40,5.59,50.45,5155,5417,103
246,2004,10,Washington,Food,4,2004 10 Washington,O157:H7,107,66456,0.945,0.904,51,40,5.59,50.45,5155,5417,103
247,2005,10,Washington,Food,9,2005 10 Washington,O157:H7,107,66456,0.945,0.904,51,40,5.59,50.45,5155,5417,103
248,2008,10,Washington,Food,68,2008 10 Washington,O157:H7,107,66456,0.945,0.904,51,40,5.59,50.45,5155,5417,103
249,2012,7,Washington,Other,2,2012 7 Washington,O157:H7,107,66456,0.945,0.904,76,56,5.59,50.45,5155,5417,103
250,2009,7,Washington,Other,12,2009 7 Washington,O157:H7,107,66456,0.945,0.904,76,56,5.59,50.45,5155,5417,103
251,2002,7,Washington,Food,55,2002 7 Washington,O157:H7,107,66456,0.945,0.904,76,56,5.59,50.45,5155,5417,103
252,2003,7,Washington,Food,5,2003 7 Washington,O157:H7,107,66456,0.945,0.904,76,56,5.59,50.45,5155,5417,103
253,2015,7,Washington,Food,5,2015 7 Washington,O157:H7,107,66456,0.945,0.904,76,56,5.59,50.45,5155,5417,103
254,2009,9,Washington,Food,3,2009 9 Washington,O157:H7,107,66456,0.945,0.904,60,46,5.59,50.45,5155,5417,103
255,2009,9,Washington,Food,4,2009 9 Washington,O157:H7,107,66456,0.945,0.904,60,46,5.59,50.45,5155,5417,103
256,2009,9,Washington,Food,2,2009 9 Washington,O157:H7,107,66456,0.945,0.904,60,46,5.59,50.45,5155,5417,103
257,1998,9,Washington,Food,8,1998 9 Washington,O157:H7,107,66456,0.945,0.904,60,46,5.59,50.45,5155,5417,103
258,1998,9,Washington,Food,4,1998 9 Washington,O157:H7,107,66456,0.945,0.904,60,46,5.59,50.45,5155,5417,103
259,2001,9,Washington,Food,14,2001 9 Washington,O157:H7,107,66456,0.945,0.904,60,46,5.59,50.45,5155,5417,103
260,2005,9,Washington,Food,4,2005 9 Washington,O157:H7,107,66456,0.945,0.904,60,46,5.59,50.45,5155,5417,103
261,2005,9,Washington,Food,2,2005 9 Washington,O157:H7,107,66456,0.945,0.904,60,46,5.59,50.45,5155,5417,103
262,2005,9,Washington,Food,14,2005 9 Washington,O157:H7,107,66456,0.945,0.904,60,46,5.59,50.45,5155,5417,103
263,2006,9,Washington,Food,2,2006 9 Washington,O157:H7,107,66456,0.945,0.904,60,46,5.59,50.45,5155,5417,103
264,2013,2,Washington,Food,3,2013 2 Washington,O157:H7,107,66456,0.945,0.904,54,39,5.59,50.45,5155,5417,103
265,2002,11,Washington,Food,4,2002 11 Washington,O157:H7,107,66456,0.945,0.904,46,36,5.59,50.45,5155,5417,103
266,2004,3,Washington,Food,2,2004 3 Washington,O157:H7,107,66456,0.945,0.904,58,42,5.59,50.45,5155,5417,103
267,2010,3,Washington,Other,21,2010 3 Washington,O157:H7,107,66456,0.945,0.904,58,42,5.59,50.45,5155,5417,103
268,2015,4,Washington,Other,40,2015 4 Washington,O157:H7,107,66456,0.945,0.904,65,47,5.59,50.45,5155,5417,103
269,2009,3,Michigan,Food,4,2009 3 Michigan,O157:H7,175,56539,0.9159999999999999,0.877,58,37,5.59,50.45,5155,5417,103
270,2014,3,Michigan,Food,2,2014 3 Michigan,O157:H7,175,56539,0.9159999999999999,0.877,58,37,5.59,50.45,5155,5417,103
271,2004,7,Michigan,Food,3,2004 7 Michigan,O157:H7,175,56539,0.9159999999999999,0.877,80,59,5.59,50.45,5155,5417,103
272,2015,7,Michigan,Food,3,2015 7 Michigan,O157:H7,175,56539,0.9159999999999999,0.877,80,59,5.59,50.45,5155,5417,103
273,2012,8,Michigan,Food,90,2012 8 Michigan,O157:H7,175,56539,0.9159999999999999,0.877,73,51,5.59,50.45,5155,5417,103
274,2016,8,Michigan,Food,4,2016 8 Michigan,O157:H7,175,56539,0.9159999999999999,0.877,73,51,5.59,50.45,5155,5417,103
275,2013,4,Michigan,Food,20,2013 4 Michigan,O157:H7,175,56539,0.9159999999999999,0.877,69,47,5.59,50.45,5155,5417,103
276,2000,4,Michigan,Food,4,2000 4 Michigan,O157:H7,175,56539,0.9159999999999999,0.877,69,47,5.59,50.45,5155,5417,103
277,2003,9,Michigan,Food,10,2003 9 Michigan,O157:H7,175,56539,0.9159999999999999,0.877,60,41,5.59,50.45,5155,5417,103
278,1998,11,Michigan,Food,4,1998 11 Michigan,O157:H7,175,56539,0.9159999999999999,0.877,34,22,5.59,50.45,5155,5417,103
279,2011,7,Minnesota,Food,6,2011 7 Minnesota,O157:H7,68,79627,0.95,0.901,82,62,5.59,50.45,5155,5417,103
280,2011,7,Minnesota,Other,4,2011 7 Minnesota,O157:H7,68,79627,0.95,0.901,82,62,5.59,50.45,5155,5417,103
281,2012,7,Minnesota,Other,10,2012 7 Minnesota,O157:H7,68,79627,0.95,0.901,82,62,5.59,50.45,5155,5417,103
282,2012,7,Minnesota,Other,12,2012 7 Minnesota,O157:H7,68,79627,0.95,0.901,82,62,5.59,50.45,5155,5417,103
283,2012,7,Minnesota,Other,52,2012 7 Minnesota,O157:H7,68,79627,0.95,0.901,82,62,5.59,50.45,5155,5417,103
284,2013,7,Minnesota,Other,3,2013 7 Minnesota,O157:H7,68,79627,0.95,0.901,82,62,5.59,50.45,5155,5417,103
285,2014,7,Minnesota,Food,57,2014 7 Minnesota,O157:H7,68,79627,0.95,0.901,82,62,5.59,50.45,5155,5417,103
286,2014,7,Minnesota,Other,15,2014 7 Minnesota,O157:H7,68,79627,0.95,0.901,82,62,5.59,50.45,5155,5417,103
287,2010,7,Minnesota,Food,11,2010 7 Minnesota,O157:H7,68,79627,0.95,0.901,82,62,5.59,50.45,5155,5417,103
288,2004,7,Minnesota,Food,70,2004 7 Minnesota,O157:H7,68,79627,0.95,0.901,82,62,5.59,50.45,5155,5417,103
289,2006,7,Minnesota,Food,17,2006 7 Minnesota,O157:H7,68,79627,0.95,0.901,82,62,5.59,50.45,5155,5417,103
290,2007,7,Minnesota,Food,26,2007 7 Minnesota,O157:H7,68,79627,0.95,0.901,82,62,5.59,50.45,5155,5417,103
291,2016,7,Minnesota,Other,10,2016 7 Minnesota,O157:H7,68,79627,0.95,0.901,82,62,5.59,50.45,5155,5417,103
292,2010,7,Minnesota,Other,5,2010 7 Minnesota,O157:H7,68,79627,0.95,0.901,82,62,5.59,50.45,5155,5417,103
293,2011,8,Minnesota,Other,2,2011 8 Minnesota,O157:H7,68,79627,0.95,0.901,73,53,5.59,50.45,5155,5417,103
294,2009,8,Minnesota,Food,6,2009 8 Minnesota,O157:H7,68,79627,0.95,0.901,73,53,5.59,50.45,5155,5417,103
295,2009,8,Minnesota,Food,3,2009 8 Minnesota,O157:H7,68,79627,0.95,0.901,73,53,5.59,50.45,5155,5417,103
296,2012,8,Minnesota,Other,6,2012 8 Minnesota,O157:H7,68,79627,0.95,0.901,73,53,5.59,50.45,5155,5417,103
297,2012,8,Minnesota,Other,5,2012 8 Minnesota,O157:H7,68,79627,0.95,0.901,73,53,5.59,50.45,5155,5417,103
298,2012,8,Minnesota,Other,4,2012 8 Minnesota,O157:H7,68,79627,0.95,0.901,73,53,5.59,50.45,5155,5417,103
299,2012,8,Minnesota,Other,3,2012 8 Minnesota,O157:H7,68,79627,0.95,0.901,73,53,5.59,50.45,5155,5417,103
300,2009,8,Minnesota,Other,3,2009 8 Minnesota,O157:H7,68,79627,0.95,0.901,73,53,5.59,50.45,5155,5417,103
301,2013,8,Minnesota,Food,7,2013 8 Minnesota,O157:H7,68,79627,0.95,0.901,73,53,5.59,50.45,5155,5417,103
302,2013,8,Minnesota,Other,11,2013 8 Minnesota,O157:H7,68,79627,0.95,0.901,73,53,5.59,50.45,5155,5417,103
303,2000,8,Minnesota,Food,3,2000 8 Minnesota,O157:H7,68,79627,0.95,0.901,73,53,5.59,50.45,5155,5417,103
304,2001,8,Minnesota,Food,5,2001 8 Minnesota,O157:H7,68,79627,0.95,0.901,73,53,5.59,50.45,5155,5417,103
305,2006,8,Minnesota,Food,3,2006 8 Minnesota,O157:H7,68,79627,0.95,0.901,73,53,5.59,50.45,5155,5417,103
306,2015,8,Minnesota,Other,4,2015 8 Minnesota,O157:H7,68,79627,0.95,0.901,73,53,5.59,50.45,5155,5417,103
307,2015,8,Minnesota,Other,2,2015 8 Minnesota,O157:H7,68,79627,0.95,0.901,73,53,5.59,50.45,5155,5417,103
308,2011,9,Minnesota,Other,2,2011 9 Minnesota,O157:H7,68,79627,0.95,0.901,59,41,5.59,50.45,5155,5417,103
309,2009,9,Minnesota,Other,2,2009 9 Minnesota,O157:H7,68,79627,0.95,0.901,59,41,5.59,50.45,5155,5417,103
310,2013,9,Minnesota,Other,2,2013 9 Minnesota,O157:H7,68,79627,0.95,0.901,59,41,5.59,50.45,5155,5417,103
311,2017,9,Minnesota,Food,11,2017 9 Minnesota,O157:H7,68,79627,0.95,0.901,59,41,5.59,50.45,5155,5417,103
312,2012,10,Minnesota,Other,3,2012 10 Minnesota,O157:H7,68,79627,0.95,0.901,42,27,5.59,50.45,5155,5417,103
313,2013,10,Minnesota,Other,7,2013 10 Minnesota,O157:H7,68,79627,0.95,0.901,42,27,5.59,50.45,5155,5417,103
314,2013,10,Minnesota,Other,2,2013 10 Minnesota,O157:H7,68,79627,0.95,0.901,42,27,5.59,50.45,5155,5417,103
315,2013,10,Minnesota,Other,2,2013 10 Minnesota,O157:H7,68,79627,0.95,0.901,42,27,5.59,50.45,5155,5417,103
316,2010,5,Minnesota,Food,8,2010 5 Minnesota,O157:H7,68,79627,0.95,0.901,80,59,5.59,50.45,5155,5417,103
317,2016,5,Minnesota,Other,3,2016 5 Minnesota,O157:H7,68,79627,0.95,0.901,80,59,5.59,50.45,5155,5417,103
318,2013,6,Minnesota,Other,2,2013 6 Minnesota,O157:H7,68,79627,0.95,0.901,85,64,5.59,50.45,5155,5417,103
319,2013,6,Minnesota,Other,2,2013 6 Minnesota,O157:H7,68,79627,0.95,0.901,85,64,5.59,50.45,5155,5417,103
320,2009,6,Minnesota,Food,4,2009 6 Minnesota,O157:H7,68,79627,0.95,0.901,85,64,5.59,50.45,5155,5417,103
321,1999,6,Minnesota,Food,5,1999 6 Minnesota,O157:H7,68,79627,0.95,0.901,85,64,5.59,50.45,5155,5417,103
322,2009,6,Minnesota,Food,2,2009 6 Minnesota,O157:H7,68,79627,0.95,0.901,85,64,5.59,50.45,5155,5417,103
323,2009,6,Minnesota,Food,16,2009 6 Minnesota,O157:H7,68,79627,0.95,0.901,85,64,5.59,50.45,5155,5417,103
324,2007,6,Minnesota,Food,3,2007 6 Minnesota,O157:H7,68,79627,0.95,0.901,85,64,5.59,50.45,5155,5417,103
325,2017,6,Minnesota,Other,8,2017 6 Minnesota,O157:H7,68,79627,0.95,0.901,85,64,5.59,50.45,5155,5417,103
326,2017,6,Minnesota,Other,8,2017 6 Minnesota,O157:H7,68,79627,0.95,0.901,85,64,5.59,50.45,5155,5417,103
327,2013,11,Minnesota,Other,5,2013 11 Minnesota,O157:H7,68,79627,0.95,0.901,29,13,5.59,50.45,5155,5417,103
328,2000,3,Minnesota,Food,18,2000 3 Minnesota,O157:H7,68,79627,0.95,0.901,58,38,5.59,50.45,5155,5417,103
329,2007,3,Minnesota,Food,10,2007 3 Minnesota,O157:H7,68,79627,0.95,0.901,58,38,5.59,50.45,5155,5417,103
330,2011,7,Pennsylvania,Other,16,2011 7 Pennsylvania,O157:H7,286,44743,0.927,0.8740000000000001,85,68,5.59,50.45,5155,5417,103
331,2012,7,Pennsylvania,Other,2,2012 7 Pennsylvania,O157:H7,286,44743,0.927,0.8740000000000001,85,68,5.59,50.45,5155,5417,103
332,2012,7,Pennsylvania,Other,7,2012 7 Pennsylvania,O157:H7,286,44743,0.927,0.8740000000000001,85,68,5.59,50.45,5155,5417,103
333,2010,7,Pennsylvania,Other,2,2010 7 Pennsylvania,O157:H7,286,44743,0.927,0.8740000000000001,85,68,5.59,50.45,5155,5417,103
334,2011,8,Pennsylvania,Other,3,2011 8 Pennsylvania,O157:H7,286,44743,0.927,0.8740000000000001,78,60,5.59,50.45,5155,5417,103
335,2012,8,Pennsylvania,Food,3,2012 8 Pennsylvania,O157:H7,286,44743,0.927,0.8740000000000001,78,60,5.59,50.45,5155,5417,103
336,2013,8,Pennsylvania,Food,15,2013 8 Pennsylvania,O157:H7,286,44743,0.927,0.8740000000000001,78,60,5.59,50.45,5155,5417,103
337,2015,8,Pennsylvania,Other,3,2015 8 Pennsylvania,O157:H7,286,44743,0.927,0.8740000000000001,78,60,5.59,50.45,5155,5417,103
338,2016,8,Pennsylvania,Food,5,2016 8 Pennsylvania,O157:H7,286,44743,0.927,0.8740000000000001,78,60,5.59,50.45,5155,5417,103
339,2012,9,Pennsylvania,Food,9,2012 9 Pennsylvania,O157:H7,286,44743,0.927,0.8740000000000001,67,48,5.59,50.45,5155,5417,103
340,2013,9,Pennsylvania,Other,3,2013 9 Pennsylvania,O157:H7,286,44743,0.927,0.8740000000000001,67,48,5.59,50.45,5155,5417,103
341,2001,9,Pennsylvania,Food,15,2001 9 Pennsylvania,O157:H7,286,44743,0.927,0.8740000000000001,67,48,5.59,50.45,5155,5417,103
342,2017,9,Pennsylvania,Other,3,2017 9 Pennsylvania,O157:H7,286,44743,0.927,0.8740000000000001,67,48,5.59,50.45,5155,5417,103
343,2012,11,Pennsylvania,Food,3,2012 11 Pennsylvania,O157:H7,286,44743,0.927,0.8740000000000001,45,30,5.59,50.45,5155,5417,103
344,2013,5,Pennsylvania,Other,2,2013 5 Pennsylvania,O157:H7,286,44743,0.927,0.8740000000000001,83,64,5.59,50.45,5155,5417,103
345,2000,5,Pennsylvania,Food,6,2000 5 Pennsylvania,O157:H7,286,44743,0.927,0.8740000000000001,83,64,5.59,50.45,5155,5417,103
346,2001,5,Pennsylvania,Food,7,2001 5 Pennsylvania,O157:H7,286,44743,0.927,0.8740000000000001,83,64,5.59,50.45,5155,5417,103
347,2013,10,Pennsylvania,Other,2,2013 10 Pennsylvania,O157:H7,286,44743,0.927,0.8740000000000001,56,39,5.59,50.45,5155,5417,103
348,2013,10,Pennsylvania,Food,24,2013 10 Pennsylvania,O157:H7,286,44743,0.927,0.8740000000000001,56,39,5.59,50.45,5155,5417,103
349,2013,10,Pennsylvania,Other,3,2013 10 Pennsylvania,O157:H7,286,44743,0.927,0.8740000000000001,56,39,5.59,50.45,5155,5417,103
350,2013,10,Pennsylvania,Other,2,2013 10 Pennsylvania,O157:H7,286,44743,0.927,0.8740000000000001,56,39,5.59,50.45,5155,5417,103
351,2013,10,Pennsylvania,Other,6,2013 10 Pennsylvania,O157:H7,286,44743,0.927,0.8740000000000001,56,39,5.59,50.45,5155,5417,103
352,2007,3,Pennsylvania,Food,8,2007 3 Pennsylvania,O157:H7,286,44743,0.927,0.8740000000000001,64,44,5.59,50.45,5155,5417,103
353,2007,3,Pennsylvania,Food,8,2007 3 Pennsylvania,O157:H7,286,44743,0.927,0.8740000000000001,64,44,5.59,50.45,5155,5417,103
354,2007,6,Pennsylvania,Food,2,2007 6 Pennsylvania,O157:H7,286,44743,0.927,0.8740000000000001,87,69,5.59,50.45,5155,5417,103
355,2011,8,Utah,Other,56,2011 8 Utah,O157:H7,36,82170,0.934,0.8959999999999999,78,58,5.59,50.45,5155,5417,103
356,2012,8,Utah,Other,9,2012 8 Utah,O157:H7,36,82170,0.934,0.8959999999999999,78,58,5.59,50.45,5155,5417,103
357,2009,7,Utah,Other,21,2009 7 Utah,O157:H7,36,82170,0.934,0.8959999999999999,89,67,5.59,50.45,5155,5417,103
358,2014,7,Utah,Other,3,2014 7 Utah,O157:H7,36,82170,0.934,0.8959999999999999,89,67,5.59,50.45,5155,5417,103
359,1998,7,Utah,Food,10,1998 7 Utah,O157:H7,36,82170,0.934,0.8959999999999999,89,67,5.59,50.45,5155,5417,103
360,2017,7,Utah,Other,3,2017 7 Utah,O157:H7,36,82170,0.934,0.8959999999999999,89,67,5.59,50.45,5155,5417,103
361,2010,6,Utah,Food,4,2010 6 Utah,O157:H7,36,82170,0.934,0.8959999999999999,90,69,5.59,50.45,5155,5417,103
362,2017,6,Utah,Other,6,2017 6 Utah,O157:H7,36,82170,0.934,0.8959999999999999,90,69,5.59,50.45,5155,5417,103
363,2010,5,North Carolina,Other,2,2010 5 North Carolina,O157:H7,206,48618,0.909,0.861,86,65,5.59,50.45,5155,5417,103
364,1999,5,North Carolina,Food,2,1999 5 North Carolina,O157:H7,206,48618,0.909,0.861,86,65,5.59,50.45,5155,5417,103
365,1999,5,North Carolina,Food,2,1999 5 North Carolina,O157:H7,206,48618,0.909,0.861,86,65,5.59,50.45,5155,5417,103
366,2007,5,North Carolina,Food,22,2007 5 North Carolina,O157:H7,206,48618,0.909,0.861,86,65,5.59,50.45,5155,5417,103
367,2011,10,North Carolina,Other,25,2011 10 North Carolina,O157:H7,206,48618,0.909,0.861,62,39,5.59,50.45,5155,5417,103
368,2006,10,North Carolina,Food,5,2006 10 North Carolina,O157:H7,206,48618,0.909,0.861,62,39,5.59,50.45,5155,5417,103
369,2012,9,North Carolina,Other,105,2012 9 North Carolina,O157:H7,206,48618,0.909,0.861,72,49,5.59,50.45,5155,5417,103
370,2007,9,North Carolina,Food,17,2007 9 North Carolina,O157:H7,206,48618,0.909,0.861,72,49,5.59,50.45,5155,5417,103
371,1999,8,North Carolina,Food,3,1999 8 North Carolina,O157:H7,206,48618,0.909,0.861,81,60,5.59,50.45,5155,5417,103
372,1999,7,North Carolina,Food,3,1999 7 North Carolina,O157:H7,206,48618,0.909,0.861,87,67,5.59,50.45,5155,5417,103
373,1999,7,North Carolina,Food,7,1999 7 North Carolina,O157:H7,206,48618,0.909,0.861,87,67,5.59,50.45,5155,5417,103
374,1998,7,North Carolina,Food,143,1998 7 North Carolina,O157:H7,206,48618,0.909,0.861,87,67,5.59,50.45,5155,5417,103
375,2008,7,North Carolina,Food,5,2008 7 North Carolina,O157:H7,206,48618,0.909,0.861,87,67,5.59,50.45,5155,5417,103
376,2000,6,North Carolina,Food,4,2000 6 North Carolina,O157:H7,206,48618,0.909,0.861,89,68,5.59,50.45,5155,5417,103
377,2001,11,North Carolina,Food,202,2001 11 North Carolina,O157:H7,206,48618,0.909,0.861,53,32,5.59,50.45,5155,5417,103
378,2006,11,North Carolina,Food,9,2006 11 North Carolina,O157:H7,206,48618,0.909,0.861,53,32,5.59,50.45,5155,5417,103
379,2010,8,Maine,Food,3,2010 8 Maine,O157:H7,43,30843,0.919,0.8759999999999999,70,51,5.59,50.45,5155,5417,103
380,2000,8,Maine,Food,2,2000 8 Maine,O157:H7,43,30843,0.919,0.8759999999999999,70,51,5.59,50.45,5155,5417,103
381,1998,9,Maine,Food,2,1998 9 Maine,O157:H7,43,30843,0.919,0.8759999999999999,57,40,5.59,50.45,5155,5417,103
382,1998,7,Maine,Food,2,1998 7 Maine,O157:H7,43,30843,0.919,0.8759999999999999,78,58,5.59,50.45,5155,5417,103
383,2006,7,Maine,Food,5,2006 7 Maine,O157:H7,43,30843,0.919,0.8759999999999999,78,58,5.59,50.45,5155,5417,103
384,2011,9,Kansas,Food,2,2011 9 Kansas,O157:H7,36,81759,0.9259999999999999,0.887,68,45,5.59,50.45,5155,5417,103
385,2016,9,Kansas,Food,56,2016 9 Kansas,O157:H7,36,81759,0.9259999999999999,0.887,68,45,5.59,50.45,5155,5417,103
386,2012,11,Kansas,Other,3,2012 11 Kansas,O157:H7,36,81759,0.9259999999999999,0.887,42,22,5.59,50.45,5155,5417,103
387,2013,11,Kansas,Other,2,2013 11 Kansas,O157:H7,36,81759,0.9259999999999999,0.887,42,22,5.59,50.45,5155,5417,103
388,2015,10,Kansas,Other,2,2015 10 Kansas,O157:H7,36,81759,0.9259999999999999,0.887,55,33,5.59,50.45,5155,5417,103
389,2014,5,Kansas,Other,4,2014 5 Kansas,O157:H7,36,81759,0.9259999999999999,0.887,85,64,5.59,50.45,5155,5417,103
390,2014,5,Kansas,Other,9,2014 5 Kansas,O157:H7,36,81759,0.9259999999999999,0.887,85,64,5.59,50.45,5155,5417,103
391,2002,7,Kansas,Food,2,2002 7 Kansas,O157:H7,36,81759,0.9259999999999999,0.887,89,66,5.59,50.45,5155,5417,103
392,2011,9,Georgia,Other,3,2011 9 Georgia,O157:H7,177,57513,0.9059999999999999,0.862,73,54,5.59,50.45,5155,5417,103
393,2013,9,Georgia,Food,2,2013 9 Georgia,O157:H7,177,57513,0.9059999999999999,0.862,73,54,5.59,50.45,5155,5417,103
394,2007,9,Georgia,Food,6,2007 9 Georgia,O157:H7,177,57513,0.9059999999999999,0.862,73,54,5.59,50.45,5155,5417,103
395,2012,5,Georgia,Other,7,2012 5 Georgia,O157:H7,177,57513,0.9059999999999999,0.862,86,68,5.59,50.45,5155,5417,103
396,2013,5,Georgia,Food,19,2013 5 Georgia,O157:H7,177,57513,0.9059999999999999,0.862,86,68,5.59,50.45,5155,5417,103
397,2001,10,Georgia,Food,28,2001 10 Georgia,O157:H7,177,57513,0.9059999999999999,0.862,64,43,5.59,50.45,5155,5417,103
398,2002,6,Georgia,Food,7,2002 6 Georgia,O157:H7,177,57513,0.9059999999999999,0.862,90,72,5.59,50.45,5155,5417,103
399,2008,6,Georgia,Food,12,2008 6 Georgia,O157:H7,177,57513,0.9059999999999999,0.862,90,72,5.59,50.45,5155,5417,103
400,2005,8,Georgia,Food,6,2005 8 Georgia,O157:H7,177,57513,0.9059999999999999,0.862,82,64,5.59,50.45,5155,5417,103
401,2010,8,Georgia,Food,16,2010 8 Georgia,O157:H7,177,57513,0.9059999999999999,0.862,82,64,5.59,50.45,5155,5417,103
402,2016,8,Georgia,Food,4,2016 8 Georgia,O157:H7,177,57513,0.9059999999999999,0.862,82,64,5.59,50.45,5155,5417,103
403,2014,6,Virginia,Other,5,2014 6 Virginia,O157:H7,212,39490,0.9329999999999999,0.882,90,69,5.59,50.45,5155,5417,103
404,1998,5,Virginia,Food,8,1998 5 Virginia,O157:H7,212,39490,0.9329999999999999,0.882,86,65,5.59,50.45,5155,5417,103
405,1998,5,Virginia,Food,5,1998 5 Virginia,O157:H7,212,39490,0.9329999999999999,0.882,86,65,5.59,50.45,5155,5417,103
406,2017,5,Virginia,Other,20,2017 5 Virginia,O157:H7,212,39490,0.9329999999999999,0.882,86,65,5.59,50.45,5155,5417,103
407,2001,8,Virginia,Food,8,2001 8 Virginia,O157:H7,212,39490,0.9329999999999999,0.882,81,60,5.59,50.45,5155,5417,103
408,2003,3,Virginia,Food,6,2003 3 Virginia,O157:H7,212,39490,0.9329999999999999,0.882,70,46,5.59,50.45,5155,5417,103
409,2016,3,Virginia,Food,14,2016 3 Virginia,O157:H7,212,39490,0.9329999999999999,0.882,70,46,5.59,50.45,5155,5417,103
410,2008,7,Virginia,Food,59,2008 7 Virginia,O157:H7,212,39490,0.9329999999999999,0.882,88,67,5.59,50.45,5155,5417,103
411,2017,7,Virginia,Other,4,2017 7 Virginia,O157:H7,212,39490,0.9329999999999999,0.882,88,67,5.59,50.45,5155,5417,103
412,1998,6,Texas,Food,23,1998 6 Texas,O157:H7,105,261232,0.914,0.868,96,74,5.59,50.45,5155,5417,103
413,2000,6,Texas,Food,45,2000 6 Texas,O157:H7,105,261232,0.914,0.868,96,74,5.59,50.45,5155,5417,103
414,2017,6,Texas,Other,2,2017 6 Texas,O157:H7,105,261232,0.914,0.868,96,74,5.59,50.45,5155,5417,103
415,2012,4,Texas,Food,30,2012 4 Texas,O157:H7,105,261232,0.914,0.868,87,67,5.59,50.45,5155,5417,103
416,2000,4,Texas,Food,15,2000 4 Texas,O157:H7,105,261232,0.914,0.868,87,67,5.59,50.45,5155,5417,103
417,2000,4,Texas,Food,13,2000 4 Texas,O157:H7,105,261232,0.914,0.868,87,67,5.59,50.45,5155,5417,103
418,1999,5,Texas,Food,10,1999 5 Texas,O157:H7,105,261232,0.914,0.868,92,72,5.59,50.45,5155,5417,103
419,2017,5,Texas,Food,4,2017 5 Texas,O157:H7,105,261232,0.914,0.868,92,72,5.59,50.45,5155,5417,103
420,2017,5,Texas,Food,4,2017 5 Texas,O157:H7,105,261232,0.914,0.868,92,72,5.59,50.45,5155,5417,103
421,2017,5,Texas,Other,2,2017 5 Texas,O157:H7,105,261232,0.914,0.868,92,72,5.59,50.45,5155,5417,103
422,2001,11,Texas,Food,20,2001 11 Texas,O157:H7,105,261232,0.914,0.868,63,42,5.59,50.45,5155,5417,103
423,2003,11,Texas,Food,12,2003 11 Texas,O157:H7,105,261232,0.914,0.868,63,42,5.59,50.45,5155,5417,103
424,2017,1,Texas,Other,4,2017 1 Texas,O157:H7,105,261232,0.914,0.868,65,45,5.59,50.45,5155,5417,103
425,2017,9,Texas,Other,3,2017 9 Texas,O157:H7,105,261232,0.914,0.868,82,61,5.59,50.45,5155,5417,103
426,2011,11,Kentucky,Other,2,2011 11 Kentucky,O157:H7,112,39486,0.8859999999999999,0.843,44,26,5.59,50.45,5155,5417,103
427,2012,10,Kentucky,Other,4,2012 10 Kentucky,O157:H7,112,39486,0.8859999999999999,0.843,55,34,5.59,50.45,5155,5417,103
428,2012,9,Kentucky,Other,2,2012 9 Kentucky,O157:H7,112,39486,0.8859999999999999,0.843,68,42,5.59,50.45,5155,5417,103
429,2013,9,Kentucky,Other,3,2013 9 Kentucky,O157:H7,112,39486,0.8859999999999999,0.843,68,42,5.59,50.45,5155,5417,103
430,2013,9,Kentucky,Other,3,2013 9 Kentucky,O157:H7,112,39486,0.8859999999999999,0.843,68,42,5.59,50.45,5155,5417,103
431,2014,9,Kentucky,Food,4,2014 9 Kentucky,O157:H7,112,39486,0.8859999999999999,0.843,68,42,5.59,50.45,5155,5417,103
432,2012,4,Kentucky,Other,4,2012 4 Kentucky,O157:H7,112,39486,0.8859999999999999,0.843,75,49,5.59,50.45,5155,5417,103
433,2013,6,Kentucky,Other,9,2013 6 Kentucky,O157:H7,112,39486,0.8859999999999999,0.843,87,63,5.59,50.45,5155,5417,103
434,2013,6,Kentucky,Other,2,2013 6 Kentucky,O157:H7,112,39486,0.8859999999999999,0.843,87,63,5.59,50.45,5155,5417,103
435,2012,4,South Carolina,Food,10,2012 4 South Carolina,O157:H7,162,30061,0.894,0.846,84,60,5.59,50.45,5155,5417,103
436,2007,7,South Carolina,Food,10,2007 7 South Carolina,O157:H7,162,30061,0.894,0.846,91,71,5.59,50.45,5155,5417,103
437,2015,5,South Carolina,Other,12,2015 5 South Carolina,O157:H7,162,30061,0.894,0.846,90,68,5.59,50.45,5155,5417,103
438,2001,7,Illinois,Food,19,2001 7 Illinois,O157:H7,231,55519,0.9329999999999999,0.883,82,66,5.59,50.45,5155,5417,103
439,2015,7,Illinois,Food,10,2015 7 Illinois,O157:H7,231,55519,0.9329999999999999,0.883,82,66,5.59,50.45,5155,5417,103
440,2009,9,Illinois,Food,4,2009 9 Illinois,O157:H7,231,55519,0.9329999999999999,0.883,63,46,5.59,50.45,5155,5417,103
441,1999,9,Illinois,Food,321,1999 9 Illinois,O157:H7,231,55519,0.9329999999999999,0.883,63,46,5.59,50.45,5155,5417,103
442,2001,9,Illinois,Food,8,2001 9 Illinois,O157:H7,231,55519,0.9329999999999999,0.883,63,46,5.59,50.45,5155,5417,103
443,2007,9,Illinois,Food,10,2007 9 Illinois,O157:H7,231,55519,0.9329999999999999,0.883,63,46,5.59,50.45,5155,5417,103
444,2013,5,Illinois,Food,51,2013 5 Illinois,O157:H7,231,55519,0.9329999999999999,0.883,81,63,5.59,50.45,5155,5417,103
445,2001,5,Illinois,Food,2,2001 5 Illinois,O157:H7,231,55519,0.9329999999999999,0.883,81,63,5.59,50.45,5155,5417,103
446,2015,5,Illinois,Food,10,2015 5 Illinois,O157:H7,231,55519,0.9329999999999999,0.883,81,63,5.59,50.45,5155,5417,103
447,2002,6,Illinois,Food,4,2002 6 Illinois,O157:H7,231,55519,0.9329999999999999,0.883,84,68,5.59,50.45,5155,5417,103
448,2006,6,Illinois,Food,2,2006 6 Illinois,O157:H7,231,55519,0.9329999999999999,0.883,84,68,5.59,50.45,5155,5417,103
449,2008,6,Illinois,Food,2,2008 6 Illinois,O157:H7,231,55519,0.9329999999999999,0.883,84,68,5.59,50.45,5155,5417,103
450,2016,6,Illinois,Food,96,2016 6 Illinois,O157:H7,231,55519,0.9329999999999999,0.883,84,68,5.59,50.45,5155,5417,103
451,2002,3,Illinois,Food,17,2002 3 Illinois,O157:H7,231,55519,0.9329999999999999,0.883,59,41,5.59,50.45,5155,5417,103
452,2003,8,Illinois,Food,30,2003 8 Illinois,O157:H7,231,55519,0.9329999999999999,0.883,75,57,5.59,50.45,5155,5417,103
453,2004,8,Illinois,Food,6,2004 8 Illinois,O157:H7,231,55519,0.9329999999999999,0.883,75,57,5.59,50.45,5155,5417,103
454,2003,11,Illinois,Food,3,2003 11 Illinois,O157:H7,231,55519,0.9329999999999999,0.883,36,23,5.59,50.45,5155,5417,103
455,2012,4,California,Food,12,2012 4 California,O157:H7,251,155959,0.934,0.882,80,51,5.59,50.45,5155,5417,103
456,2002,4,California,Food,26,2002 4 California,O157:H7,251,155959,0.934,0.882,80,51,5.59,50.45,5155,5417,103
457,2002,4,California,Food,9,2002 4 California,O157:H7,251,155959,0.934,0.882,80,51,5.59,50.45,5155,5417,103
458,2017,4,California,Food,9,2017 4 California,O157:H7,251,155959,0.934,0.882,80,51,5.59,50.45,5155,5417,103
459,2011,8,California,Food,5,2011 8 California,O157:H7,251,155959,0.934,0.882,87,56,5.59,50.45,5155,5417,103
460,2013,8,California,Food,22,2013 8 California,O157:H7,251,155959,0.934,0.882,87,56,5.59,50.45,5155,5417,103
461,1998,8,California,Food,2,1998 8 California,O157:H7,251,155959,0.934,0.882,87,56,5.59,50.45,5155,5417,103
462,2002,8,California,Food,16,2002 8 California,O157:H7,251,155959,0.934,0.882,87,56,5.59,50.45,5155,5417,103
463,2002,8,California,Food,9,2002 8 California,O157:H7,251,155959,0.934,0.882,87,56,5.59,50.45,5155,5417,103
464,2003,8,California,Food,18,2003 8 California,O157:H7,251,155959,0.934,0.882,87,56,5.59,50.45,5155,5417,103
465,2004,8,California,Food,8,2004 8 California,O157:H7,251,155959,0.934,0.882,87,56,5.59,50.45,5155,5417,103
466,2013,7,California,Food,5,2013 7 California,O157:H7,251,155959,0.934,0.882,91,58,5.59,50.45,5155,5417,103
467,1998,7,California,Food,28,1998 7 California,O157:H7,251,155959,0.934,0.882,91,58,5.59,50.45,5155,5417,103
468,2002,7,California,Food,5,2002 7 California,O157:H7,251,155959,0.934,0.882,91,58,5.59,50.45,5155,5417,103
469,2002,7,California,Food,2,2002 7 California,O157:H7,251,155959,0.934,0.882,91,58,5.59,50.45,5155,5417,103
470,2008,7,California,Food,5,2008 7 California,O157:H7,251,155959,0.934,0.882,91,58,5.59,50.45,5155,5417,103
471,2013,10,California,Food,8,2013 10 California,O157:H7,251,155959,0.934,0.882,64,43,5.59,50.45,5155,5417,103
472,2000,10,California,Food,14,2000 10 California,O157:H7,251,155959,0.934,0.882,64,43,5.59,50.45,5155,5417,103
473,1998,10,California,Food,39,1998 10 California,O157:H7,251,155959,0.934,0.882,64,43,5.59,50.45,5155,5417,103
474,2003,10,California,Food,16,2003 10 California,O157:H7,251,155959,0.934,0.882,64,43,5.59,50.45,5155,5417,103
475,2014,3,California,Food,2,2014 3 California,O157:H7,251,155959,0.934,0.882,71,46,5.59,50.45,5155,5417,103
476,2003,3,California,Food,6,2003 3 California,O157:H7,251,155959,0.934,0.882,71,46,5.59,50.45,5155,5417,103
477,2007,3,California,Food,52,2007 3 California,O157:H7,251,155959,0.934,0.882,71,46,5.59,50.45,5155,5417,103
478,2016,1,California,Food,10,2016 1 California,O157:H7,251,155959,0.934,0.882,60,41,5.59,50.45,5155,5417,103
479,1998,5,California,Food,3,1998 5 California,O157:H7,251,155959,0.934,0.882,87,56,5.59,50.45,5155,5417,103
480,2002,5,California,Food,8,2002 5 California,O157:H7,251,155959,0.934,0.882,87,56,5.59,50.45,5155,5417,103
481,2007,5,California,Food,124,2007 5 California,O157:H7,251,155959,0.934,0.882,87,56,5.59,50.45,5155,5417,103
482,2009,9,California,Food,3,2009 9 California,O157:H7,251,155959,0.934,0.882,78,50,5.59,50.45,5155,5417,103
483,2003,9,California,Food,51,2003 9 California,O157:H7,251,155959,0.934,0.882,78,50,5.59,50.45,5155,5417,103
484,2006,9,California,Food,6,2006 9 California,O157:H7,251,155959,0.934,0.882,78,50,5.59,50.45,5155,5417,103
485,2007,9,California,Food,5,2007 9 California,O157:H7,251,155959,0.934,0.882,78,50,5.59,50.45,5155,5417,103
486,2008,9,California,Food,27,2008 9 California,O157:H7,251,155959,0.934,0.882,78,50,5.59,50.45,5155,5417,103
487,2008,9,California,Food,3,2008 9 California,O157:H7,251,155959,0.934,0.882,78,50,5.59,50.45,5155,5417,103
488,2008,2,California,Food,2,2008 2 California,O157:H7,251,155959,0.934,0.882,65,44,5.59,50.45,5155,5417,103
489,2010,2,California,Food,7,2010 2 California,O157:H7,251,155959,0.934,0.882,65,44,5.59,50.45,5155,5417,103
490,2012,8,Wyoming,Other,3,2012 8 Wyoming,O157:H7,6,97093,0.937,0.8959999999999999,72,45,5.59,50.45,5155,5417,103
491,2013,2,Wyoming,Other,2,2013 2 Wyoming,O157:H7,6,97093,0.937,0.8959999999999999,47,24,5.59,50.45,5155,5417,103
492,2000,10,Wyoming,Food,2,2000 10 Wyoming,O157:H7,6,97093,0.937,0.8959999999999999,47,24,5.59,50.45,5155,5417,103
493,2000,6,Wyoming,Food,3,2000 6 Wyoming,O157:H7,6,97093,0.937,0.8959999999999999,83,56,5.59,50.45,5155,5417,103
494,2012,7,Montana,Other,2,2012 7 Montana,O157:H7,7,145546,0.9229999999999999,0.8759999999999999,85,52,5.59,50.45,5155,5417,103
495,2016,7,Montana,Food,38,2016 7 Montana,O157:H7,7,145546,0.9229999999999999,0.8759999999999999,85,52,5.59,50.45,5155,5417,103
496,2013,3,Montana,Food,3,2013 3 Montana,O157:H7,7,145546,0.9229999999999999,0.8759999999999999,58,32,5.59,50.45,5155,5417,103
497,2012,8,Iowa,Other,4,2012 8 Iowa,O157:H7,55,55857,0.9309999999999999,0.885,76,55,5.59,50.45,5155,5417,103
498,2000,7,Iowa,Food,56,2000 7 Iowa,O157:H7,55,55857,0.9309999999999999,0.885,84,65,5.59,50.45,5155,5417,103
499,2010,7,Iowa,Other,7,2010 7 Iowa,O157:H7,55,55857,0.9309999999999999,0.885,84,65,5.59,50.45,5155,5417,103
500,2002,6,Iowa,Food,5,2002 6 Iowa,O157:H7,55,55857,0.9309999999999999,0.885,86,67,5.59,50.45,5155,5417,103
501,2016,6,Iowa,Other,7,2016 6 Iowa,O157:H7,55,55857,0.9309999999999999,0.885,86,67,5.59,50.45,5155,5417,103
502,2017,6,Iowa,Other,6,2017 6 Iowa,O157:H7,55,55857,0.9309999999999999,0.885,86,67,5.59,50.45,5155,5417,103
503,2008,10,Iowa,Food,5,2008 10 Iowa,O157:H7,55,55857,0.9309999999999999,0.885,48,31,5.59,50.45,5155,5417,103
504,2017,9,Iowa,Other,5,2017 9 Iowa,O157:H7,55,55857,0.9309999999999999,0.885,63,43,5.59,50.45,5155,5417,103
505,2012,9,Oklahoma,Other,3,2012 9 Oklahoma,O157:H7,57,68595,0.899,0.858,73,52,5.59,50.45,5155,5417,103
506,1999,10,Oklahoma,Food,25,1999 10 Oklahoma,O157:H7,57,68595,0.899,0.858,62,40,5.59,50.45,5155,5417,103
507,2010,10,Oklahoma,Other,3,2010 10 Oklahoma,O157:H7,57,68595,0.899,0.858,62,40,5.59,50.45,5155,5417,103
508,1998,7,Oklahoma,Food,21,1998 7 Oklahoma,O157:H7,57,68595,0.899,0.858,93,71,5.59,50.45,5155,5417,103
509,2014,3,Oklahoma,Other,11,2014 3 Oklahoma,O157:H7,57,68595,0.899,0.858,72,50,5.59,50.45,5155,5417,103
510,2010,11,Oklahoma,Food,21,2010 11 Oklahoma,O157:H7,57,68595,0.899,0.858,51,31,5.59,50.45,5155,5417,103
511,2013,9,Florida,Food,7,2013 9 Florida,O157:H7,378,53625,0.9129999999999999,0.873,81,57,5.59,50.45,5155,5417,103
512,1998,11,Florida,Food,21,1998 11 Florida,O157:H7,378,53625,0.9129999999999999,0.873,65,41,5.59,50.45,5155,5417,103
513,1999,6,Florida,Food,17,1999 6 Florida,O157:H7,378,53625,0.9129999999999999,0.873,92,72,5.59,50.45,5155,5417,103
514,2000,10,Florida,Food,2,2000 10 Florida,O157:H7,378,53625,0.9129999999999999,0.873,73,47,5.59,50.45,5155,5417,103
515,1998,10,Florida,Food,16,1998 10 Florida,O157:H7,378,53625,0.9129999999999999,0.873,73,47,5.59,50.45,5155,5417,103
516,2007,10,Florida,Food,2,2007 10 Florida,O157:H7,378,53625,0.9129999999999999,0.873,73,47,5.59,50.45,5155,5417,103
517,1999,8,Florida,Food,2,1999 8 Florida,O157:H7,378,53625,0.9129999999999999,0.873,88,68,5.59,50.45,5155,5417,103
518,2002,8,Florida,Food,2,2002 8 Florida,O157:H7,378,53625,0.9129999999999999,0.873,88,68,5.59,50.45,5155,5417,103
519,2004,4,Florida,Food,3,2004 4 Florida,O157:H7,378,53625,0.9129999999999999,0.873,87,62,5.59,50.45,5155,5417,103
520,2007,1,Florida,Food,2,2007 1 Florida,O157:H7,378,53625,0.9129999999999999,0.873,67,42,5.59,50.45,5155,5417,103
521,2009,5,Florida,Food,30,2009 5 Florida,O157:H7,378,53625,0.9129999999999999,0.873,91,69,5.59,50.45,5155,5417,103
522,1998,10,Nevada,Food,14,1998 10 Nevada,O157:H7,26,109781,0.907,0.8809999999999999,54,27,5.59,50.45,5155,5417,103
523,2015,10,Nevada,Food,25,2015 10 Nevada,O157:H7,26,109781,0.907,0.8809999999999999,54,27,5.59,50.45,5155,5417,103
524,2001,7,Nevada,Food,3,2001 7 Nevada,O157:H7,26,109781,0.907,0.8809999999999999,88,51,5.59,50.45,5155,5417,103
525,2015,7,Nevada,Food,3,2015 7 Nevada,O157:H7,26,109781,0.907,0.8809999999999999,88,51,5.59,50.45,5155,5417,103
526,2001,9,Nevada,Food,9,2001 9 Nevada,O157:H7,26,109781,0.907,0.8809999999999999,68,35,5.59,50.45,5155,5417,103
527,2013,9,Indiana,Other,4,2013 9 Indiana,O157:H7,184,35826,0.91,0.8690000000000001,65,42,5.59,50.45,5155,5417,103
528,2009,6,Indiana,Other,3,2009 6 Indiana,O157:H7,184,35826,0.91,0.8690000000000001,85,63,5.59,50.45,5155,5417,103
529,2014,7,Indiana,Other,3,2014 7 Indiana,O157:H7,184,35826,0.91,0.8690000000000001,83,61,5.59,50.45,5155,5417,103
530,2015,7,Indiana,Other,7,2015 7 Indiana,O157:H7,184,35826,0.91,0.8690000000000001,83,61,5.59,50.45,5155,5417,103
531,2014,5,Indiana,Other,7,2014 5 Indiana,O157:H7,184,35826,0.91,0.8690000000000001,82,59,5.59,50.45,5155,5417,103
532,1998,5,Indiana,Food,27,1998 5 Indiana,O157:H7,184,35826,0.91,0.8690000000000001,82,59,5.59,50.45,5155,5417,103
533,2000,10,Indiana,Food,6,2000 10 Indiana,O157:H7,184,35826,0.91,0.8690000000000001,52,33,5.59,50.45,5155,5417,103
534,2013,2,Hawaii,Food,8,2013 2 Hawaii,O157:H7,222,6423,0.943,0.902,81,68,5.59,50.45,5155,5417,103
535,2007,3,Hawaii,Food,8,2007 3 Hawaii,O157:H7,222,6423,0.943,0.902,83,69,5.59,50.45,5155,5417,103
536,2016,8,Hawaii,Other,4,2016 8 Hawaii,O157:H7,222,6423,0.943,0.902,89,74,5.59,50.45,5155,5417,103
537,2000,5,Arkansas,Food,36,2000 5 Arkansas,O157:H7,57,52035,0.883,0.8390000000000001,89,69,5.59,50.45,5155,5417,103
538,2010,6,Arkansas,Other,5,2010 6 Arkansas,O157:H7,57,52035,0.883,0.8390000000000001,92,73,5.59,50.45,5155,5417,103
539,2005,1,Arkansas,Food,3,2005 1 Arkansas,O157:H7,57,52035,0.883,0.8390000000000001,55,35,5.59,50.45,5155,5417,103
540,2015,3,Arkansas,Other,2,2015 3 Arkansas,O157:H7,57,52035,0.883,0.8390000000000001,73,51,5.59,50.45,5155,5417,103
541,2014,10,New Mexico,Other,5,2014 10 New Mexico,O157:H7,17,121298,0.904,0.87,53,25,5.59,50.45,5155,5417,103
542,2016,10,New Mexico,Food,3,2016 10 New Mexico,O157:H7,17,121298,0.904,0.87,53,25,5.59,50.45,5155,5417,103
543,1999,2,Nebraska,Food,65,1999 2 Nebraska,O157:H7,24,76824,0.937,0.889,50,28,5.59,50.45,5155,5417,103
544,2003,9,Nebraska,Food,12,2003 9 Nebraska,O157:H7,24,76824,0.937,0.889,64,41,5.59,50.45,5155,5417,103
545,2008,3,Nebraska,Food,15,2008 3 Nebraska,O157:H7,24,76824,0.937,0.889,63,39,5.59,50.45,5155,5417,103
546,2017,8,Nebraska,Other,3,2017 8 Nebraska,O157:H7,24,76824,0.937,0.889,77,54,5.59,50.45,5155,5417,103
547,2000,7,Alaska,Food,31,2000 7 Alaska,O157:H7,1,570641,0.9420000000000001,0.912,64,50,5.59,50.45,5155,5417,103
548,2008,7,Alaska,Food,3,2008 7 Alaska,O157:H7,1,570641,0.9420000000000001,0.912,64,50,5.59,50.45,5155,5417,103
549,2005,2,Alaska,Food,4,2005 2 Alaska,O157:H7,1,570641,0.9420000000000001,0.912,34,19,5.59,50.45,5155,5417,103
550,2005,5,Alaska,Food,3,2005 5 Alaska,O157:H7,1,570641,0.9420000000000001,0.912,63,48,5.59,50.45,5155,5417,103
551,2003,10,North Dakota,Food,14,2003 10 North Dakota,O157:H7,10,69001,0.948,0.8740000000000001,40,19,5.59,50.45,5155,5417,103
552,2003,7,North Dakota,Food,3,2003 7 North Dakota,O157:H7,10,69001,0.948,0.8740000000000001,83,56,5.59,50.45,5155,5417,103
553,2004,5,New Jersey,Food,4,2004 5 New Jersey,O157:H7,1218,7354,0.946,0.895,82,63,5.59,50.45,5155,5417,103
554,2004,11,New Jersey,Food,6,2004 11 New Jersey,O157:H7,1218,7354,0.946,0.895,44,30,5.59,50.45,5155,5417,103
555,2008,8,Vermont,Food,6,2008 8 Vermont,O157:H7,67,9217,0.938,0.885,70,51,5.59,50.45,5155,5417,103
556,2015,8,Vermont,Food,12,2015 8 Vermont,O157:H7,67,9217,0.938,0.885,70,51,5.59,50.45,5155,5417,103
557,2017,9,Vermont,Food,2,2017 9 Vermont,O157:H7,67,9217,0.938,0.885,57,39,5.59,50.45,5155,5417,103
558,2016,9,West Virginia,Other,2,2016 9 West Virginia,O157:H7,76,24038,0.879,0.8370000000000001,68,45,5.59,50.45,5155,5417,103
559,2002,7,Massachusetts,Food,5,2002 7 Massachusetts,O157:NM,871,7800,0.96,0.905,80,65,5.37,50.2,5313,5781,85
560,1999,7,Connecticut,Food,17,1999 7 Connecticut,O157:NM,741,4842,0.9570000000000001,0.911,81,66,5.37,50.2,5313,5781,85
561,2008,6,Connecticut,Food,14,2008 6 Connecticut,O157:NM,741,4842,0.9570000000000001,0.911,82,66,5.37,50.2,5313,5781,85
562,1999,4,New York,Food,9,1999 4 New York,O157:NM,420,47126,0.946,0.888,71,55,5.37,50.2,5313,5781,85
563,2011,10,Colorado,Other,14,2011 10 Colorado,O157:NM,52,103642,0.9470000000000001,0.906,52,25,5.37,50.2,5313,5781,85
564,2009,6,Colorado,Other,13,2009 6 Colorado,O157:NM,52,103642,0.9470000000000001,0.906,90,59,5.37,50.2,5313,5781,85
565,2003,7,Colorado,Food,13,2003 7 Colorado,O157:NM,52,103642,0.9470000000000001,0.906,88,57,5.37,50.2,5313,5781,85
566,2008,9,Colorado,Food,21,2008 9 Colorado,O157:NM,52,103642,0.9470000000000001,0.906,66,37,5.37,50.2,5313,5781,85
567,2011,10,Oregon,Other,2,2011 10 Oregon,O157:NM,41,95988,0.934,0.882,53,38,5.37,50.2,5313,5781,85
568,2007,6,Oregon,Food,2,2007 6 Oregon,O157:NM,41,95988,0.934,0.882,82,53,5.37,50.2,5313,5781,85
569,2008,7,Maryland,Food,9,2008 7 Maryland,O157:NM,618,9707,0.94,0.885,87,71,5.37,50.2,5313,5781,85
570,2016,9,Washington,Food,4,2016 9 Washington,O157:NM,107,66456,0.945,0.904,60,46,5.37,50.2,5313,5781,85
571,2011,7,Michigan,Food,12,2011 7 Michigan,O157:NM,175,56539,0.9159999999999999,0.877,80,59,5.37,50.2,5313,5781,85
572,2011,8,Michigan,Other,3,2011 8 Michigan,O157:NM,175,56539,0.9159999999999999,0.877,73,51,5.37,50.2,5313,5781,85
573,2012,10,Michigan,Food,3,2012 10 Michigan,O157:NM,175,56539,0.9159999999999999,0.877,47,32,5.37,50.2,5313,5781,85
574,2016,7,Minnesota,Other,8,2016 7 Minnesota,O157:NM,68,79627,0.95,0.901,82,62,5.37,50.2,5313,5781,85
575,2010,7,Pennsylvania,Other,2,2010 7 Pennsylvania,O157:NM,286,44743,0.927,0.8740000000000001,85,68,5.37,50.2,5313,5781,85
576,2007,9,Kansas,Food,8,2007 9 Kansas,O157:NM,36,81759,0.9259999999999999,0.887,68,45,5.37,50.2,5313,5781,85
577,2004,4,Georgia,Food,2,2004 4 Georgia,O157:NM,177,57513,0.9059999999999999,0.862,81,61,5.37,50.2,5313,5781,85
578,2017,6,Virginia,Other,4,2017 6 Virginia,O157:NM,212,39490,0.9329999999999999,0.882,90,69,5.37,50.2,5313,5781,85
579,1998,6,California,Food,8,1998 6 California,O157:NM,251,155959,0.934,0.882,92,58,5.37,50.2,5313,5781,85
580,2002,5,California,Food,48,2002 5 California,O157:NM,251,155959,0.934,0.882,87,56,5.37,50.2,5313,5781,85
581,2015,7,North Dakota,Other,65,2015 7 North Dakota,O157:NM,10,69001,0.948,0.8740000000000001,83,56,5.37,50.2,5313,5781,85
582,2006,7,Massachusetts,Food,5,2006 7 Massachusetts,O26,871,7800,0.96,0.905,80,65,5.74,50.65,5723,6240,101
583,2012,5,Massachusetts,Other,2,2012 5 Massachusetts,O26,871,7800,0.96,0.905,76,60,5.74,50.65,5723,6240,101
584,2014,7,Ohio,Other,4,2014 7 Ohio,O26,284,40861,0.917,0.8740000000000001,84,63,5.74,50.65,5723,6240,101
585,2015,7,Ohio,Other,6,2015 7 Ohio,O26,284,40861,0.917,0.8740000000000001,84,63,5.74,50.65,5723,6240,101
586,2016,5,Ohio,Food,3,2016 5 Ohio,O26,284,40861,0.917,0.8740000000000001,82,61,5.74,50.65,5723,6240,101
587,2014,6,Arizona,Food,2,2014 6 Arizona,O26,60,113594,0.9129999999999999,0.875,106,83,5.74,50.65,5723,6240,101
588,2012,7,Colorado,Other,3,2012 7 Colorado,O26,52,103642,0.9470000000000001,0.906,88,57,5.74,50.65,5723,6240,101
589,2007,7,Colorado,Food,135,2007 7 Colorado,O26,52,103642,0.9470000000000001,0.906,88,57,5.74,50.65,5723,6240,101
590,2017,9,Colorado,Food,6,2017 9 Colorado,O26,52,103642,0.9470000000000001,0.906,66,37,5.74,50.65,5723,6240,101
591,2013,5,Colorado,Other,2,2013 5 Colorado,O26,52,103642,0.9470000000000001,0.906,82,52,5.74,50.65,5723,6240,101
592,2010,5,Colorado,Other,47,2010 5 Colorado,O26,52,103642,0.9470000000000001,0.906,82,52,5.74,50.65,5723,6240,101
593,2010,8,Colorado,Other,21,2010 8 Colorado,O26,52,103642,0.9470000000000001,0.906,79,48,5.74,50.65,5723,6240,101
594,2017,5,Idaho,Other,2,2017 5 Idaho,O26,20,82643,0.9109999999999999,0.872,81,54,5.74,50.65,5723,6240,101
595,2017,8,Idaho,Other,3,2017 8 Idaho,O26,20,82643,0.9109999999999999,0.872,79,51,5.74,50.65,5723,6240,101
596,2013,7,Oregon,Other,4,2013 7 Oregon,O26,41,95988,0.934,0.882,82,53,5.74,50.65,5723,6240,101
597,2015,7,Oregon,Other,3,2015 7 Oregon,O26,41,95988,0.934,0.882,82,53,5.74,50.65,5723,6240,101
598,2010,10,Oregon,Other,11,2010 10 Oregon,O26,41,95988,0.934,0.882,53,38,5.74,50.65,5723,6240,101
599,2017,9,Oregon,Food,2,2017 9 Oregon,O26,41,95988,0.934,0.882,64,42,5.74,50.65,5723,6240,101
600,2015,4,Wisconsin,Food,2,2015 4 Wisconsin,O26,106,54158,0.932,0.8859999999999999,65,47,5.74,50.65,5723,6240,101
601,2011,9,Wisconsin,Food,12,2011 9 Wisconsin,O26,106,54158,0.932,0.8859999999999999,59,43,5.74,50.65,5723,6240,101
602,2013,6,Tennessee,Food,3,2013 6 Tennessee,O26,160,41235,0.897,0.851,92,74,5.74,50.65,5723,6240,101
603,2015,10,Tennessee,Other,2,2015 10 Tennessee,O26,160,41235,0.897,0.851,63,44,5.74,50.65,5723,6240,101
604,2014,5,Washington,Other,27,2014 5 Washington,O26,107,66456,0.945,0.904,70,52,5.74,50.65,5723,6240,101
605,2013,9,Michigan,Other,4,2013 9 Michigan,O26,175,56539,0.9159999999999999,0.877,60,41,5.74,50.65,5723,6240,101
606,2011,7,Minnesota,Other,3,2011 7 Minnesota,O26,68,79627,0.95,0.901,82,62,5.74,50.65,5723,6240,101
607,2017,7,Minnesota,Other,21,2017 7 Minnesota,O26,68,79627,0.95,0.901,82,62,5.74,50.65,5723,6240,101
608,2016,5,Minnesota,Other,4,2016 5 Minnesota,O26,68,79627,0.95,0.901,80,59,5.74,50.65,5723,6240,101
609,2014,11,Utah,Food,4,2014 11 Utah,O26,36,82170,0.934,0.8959999999999999,40,27,5.74,50.65,5723,6240,101
610,2011,9,Kansas,Food,4,2011 9 Kansas,O26,36,81759,0.9259999999999999,0.887,68,45,5.74,50.65,5723,6240,101
611,2012,10,Kansas,Other,4,2012 10 Kansas,O26,36,81759,0.9259999999999999,0.887,55,33,5.74,50.65,5723,6240,101
612,2017,10,Kansas,Other,8,2017 10 Kansas,O26,36,81759,0.9259999999999999,0.887,55,33,5.74,50.65,5723,6240,101
613,2017,5,Virginia,Other,20,2017 5 Virginia,O26,212,39490,0.9329999999999999,0.882,86,65,5.74,50.65,5723,6240,101
614,2012,8,Kentucky,Other,7,2012 8 Kentucky,O26,112,39486,0.8859999999999999,0.843,79,55,5.74,50.65,5723,6240,101
615,2017,10,California,Food,244,2017 10 California,O26,251,155959,0.934,0.882,64,43,5.74,50.65,5723,6240,101
616,2013,6,Nevada,Other,16,2013 6 Nevada,O26,26,109781,0.907,0.8809999999999999,90,52,5.74,50.65,5723,6240,101
617,2013,4,Indiana,Other,4,2013 4 Indiana,O26,184,35826,0.91,0.8690000000000001,73,50,5.74,50.65,5723,6240,101
618,2015,11,Indiana,Other,2,2015 11 Indiana,O26,184,35826,0.91,0.8690000000000001,39,23,5.74,50.65,5723,6240,101
619,2014,4,New Mexico,Food,4,2014 4 New Mexico,O26,17,121298,0.904,0.87,74,41,5.74,50.65,5723,6240,101
620,2015,8,New Mexico,Other,8,2015 8 New Mexico,O26,17,121298,0.904,0.87,78,47,5.74,50.65,5723,6240,101
621,2015,1,Rhode Island,Other,2,2015 1 Rhode Island,O26,1021,1034,0.922,0.8759999999999999,40,24,5.74,50.65,5723,6240,101
622,2015,9,Nebraska,Food,6,2015 9 Nebraska,O26,24,76824,0.937,0.889,64,41,5.74,50.65,5723,6240,101
623,2017,3,Nebraska,Other,6,2017 3 Nebraska,O26,24,76824,0.937,0.889,63,39,5.74,50.65,5723,6240,101
624,2013,10,Massachusetts,Other,2,2013 10 Massachusetts,O121,871,7800,0.96,0.905,51,38,5.47,50.63,5282,5822,101
625,2016,4,Connecticut,Food,7,2016 4 Connecticut,O121,741,4842,0.9570000000000001,0.911,68,51,5.47,50.63,5282,5822,101
626,2007,7,Colorado,Food,135,2007 7 Colorado,O121,52,103642,0.9470000000000001,0.906,88,57,5.47,50.63,5282,5822,101
627,2017,9,Colorado,Other,6,2017 9 Colorado,O121,52,103642,0.9470000000000001,0.906,66,37,5.47,50.63,5282,5822,101
628,2017,5,Idaho,Other,3,2017 5 Idaho,O121,20,82643,0.9109999999999999,0.872,81,54,5.47,50.63,5282,5822,101
629,2014,8,Oregon,Other,2,2014 8 Oregon,O121,41,95988,0.934,0.882,77,48,5.47,50.63,5282,5822,101
630,2012,6,Oregon,Other,4,2012 6 Oregon,O121,41,95988,0.934,0.882,82,53,5.47,50.63,5282,5822,101
631,2016,6,Wisconsin,Other,2,2016 6 Wisconsin,O121,106,54158,0.932,0.8859999999999999,80,64,5.47,50.63,5282,5822,101
632,2015,8,Washington,Food,2,2015 8 Washington,O121,107,66456,0.945,0.904,71,52,5.47,50.63,5282,5822,101
633,2012,10,Washington,Other,4,2012 10 Washington,O121,107,66456,0.945,0.904,51,40,5.47,50.63,5282,5822,101
634,2009,9,Washington,Food,3,2009 9 Washington,O121,107,66456,0.945,0.904,60,46,5.47,50.63,5282,5822,101
635,2014,7,Minnesota,Other,11,2014 7 Minnesota,O121,68,79627,0.95,0.901,82,62,5.47,50.63,5282,5822,101
636,2014,10,Minnesota,Food,3,2014 10 Minnesota,O121,68,79627,0.95,0.901,42,27,5.47,50.63,5282,5822,101
637,2017,5,Minnesota,Other,12,2017 5 Minnesota,O121,68,79627,0.95,0.901,80,59,5.47,50.63,5282,5822,101
638,2011,8,Utah,Other,56,2011 8 Utah,O121,36,82170,0.934,0.8959999999999999,78,58,5.47,50.63,5282,5822,101
639,2006,7,Utah,Food,3,2006 7 Utah,O121,36,82170,0.934,0.8959999999999999,89,67,5.47,50.63,5282,5822,101
640,2017,9,Kansas,Other,4,2017 9 Kansas,O121,36,81759,0.9259999999999999,0.887,68,45,5.47,50.63,5282,5822,101
641,1998,10,Montana,Food,40,1998 10 Montana,O121,7,145546,0.9229999999999999,0.8759999999999999,43,22,5.47,50.63,5282,5822,101
642,2017,9,Massachusetts,Food,4,2017 9 Massachusetts,O45:H2,871,7800,0.96,0.905,61,47,5.68,50.62,5385,5868,103
643,2012,9,Pennsylvania,Other,5,2012 9 Pennsylvania,O45:H2,286,44743,0.927,0.8740000000000001,67,48,5.68,50.62,5385,5868,103
644,2017,9,Pennsylvania,Other,4,2017 9 Pennsylvania,O45:H2,286,44743,0.927,0.8740000000000001,67,48,5.68,50.62,5385,5868,103
645,2017,2,Pennsylvania,Other,3,2017 2 Pennsylvania,O45:H2,286,44743,0.927,0.8740000000000001,53,34,5.68,50.62,5385,5868,103
646,2016,3,Connecticut,Other,50,2016 3 Connecticut,O157,741,4842,0.9570000000000001,0.911,58,41,5.75,50.43,5646,6129,100
647,2017,1,Colorado,Other,5,2017 1 Colorado,O157,52,103642,0.9470000000000001,0.906,46,19,5.75,50.43,5646,6129,100
648,2013,7,Oregon,Other,2,2013 7 Oregon,O157,41,95988,0.934,0.882,82,53,5.75,50.43,5646,6129,100
649,2015,7,Oregon,Other,3,2015 7 Oregon,O157,41,95988,0.934,0.882,82,53,5.75,50.43,5646,6129,100
650,2012,8,Oregon,Other,5,2012 8 Oregon,O157,41,95988,0.934,0.882,77,48,5.75,50.43,5646,6129,100
651,2014,9,Oregon,Other,6,2014 9 Oregon,O157,41,95988,0.934,0.882,64,42,5.75,50.43,5646,6129,100
652,2013,8,Wisconsin,Other,2,2013 8 Wisconsin,O157,106,54158,0.932,0.8859999999999999,71,55,5.75,50.43,5646,6129,100
653,2017,8,Wisconsin,Other,13,2017 8 Wisconsin,O157,106,54158,0.932,0.8859999999999999,71,55,5.75,50.43,5646,6129,100
654,2014,9,Wisconsin,Food,4,2014 9 Wisconsin,O157,106,54158,0.932,0.8859999999999999,59,43,5.75,50.43,5646,6129,100
655,2014,2,Wisconsin,Other,4,2014 2 Wisconsin,O157,106,54158,0.932,0.8859999999999999,42,28,5.75,50.43,5646,6129,100
656,2015,7,Maryland,Food,9,2015 7 Maryland,O157,618,9707,0.94,0.885,87,71,5.75,50.43,5646,6129,100
657,2015,9,Maryland,Other,3,2015 9 Maryland,O157,618,9707,0.94,0.885,68,52,5.75,50.43,5646,6129,100
658,2015,8,Washington,Food,13,2015 8 Washington,O157,107,66456,0.945,0.904,71,52,5.75,50.43,5646,6129,100
659,2015,7,Minnesota,Other,5,2015 7 Minnesota,O157,68,79627,0.95,0.901,82,62,5.75,50.43,5646,6129,100
660,2014,8,Minnesota,Other,2,2014 8 Minnesota,O157,68,79627,0.95,0.901,73,53,5.75,50.43,5646,6129,100
661,2015,9,Minnesota,Food,7,2015 9 Minnesota,O157,68,79627,0.95,0.901,59,41,5.75,50.43,5646,6129,100
662,2015,10,Minnesota,Food,2,2015 10 Minnesota,O157,68,79627,0.95,0.901,42,27,5.75,50.43,5646,6129,100
663,2015,10,Minnesota,Food,3,2015 10 Minnesota,O157,68,79627,0.95,0.901,42,27,5.75,50.43,5646,6129,100
664,2015,6,Minnesota,Food,2,2015 6 Minnesota,O157,68,79627,0.95,0.901,85,64,5.75,50.43,5646,6129,100
665,2015,6,Minnesota,Other,15,2015 6 Minnesota,O157,68,79627,0.95,0.901,85,64,5.75,50.43,5646,6129,100
666,2014,9,Kansas,Other,2,2014 9 Kansas,O157,36,81759,0.9259999999999999,0.887,68,45,5.75,50.43,5646,6129,100
667,2017,9,Kansas,Other,6,2017 9 Kansas,O157,36,81759,0.9259999999999999,0.887,68,45,5.75,50.43,5646,6129,100
668,2017,5,Virginia,Other,2,2017 5 Virginia,O157,212,39490,0.9329999999999999,0.882,86,65,5.75,50.43,5646,6129,100
669,2017,11,Texas,Other,3,2017 11 Texas,O157,105,261232,0.914,0.868,63,42,5.75,50.43,5646,6129,100
670,2015,1,Kentucky,Food,2,2015 1 Kentucky,O157,112,39486,0.8859999999999999,0.843,45,23,5.75,50.43,5646,6129,100
671,2009,11,South Carolina,Other,4,2009 11 South Carolina,O157,162,30061,0.894,0.846,58,35,5.75,50.43,5646,6129,100
672,2017,10,California,Food,244,2017 10 California,O157,251,155959,0.934,0.882,64,43,5.75,50.43,5646,6129,100
673,2012,11,Mississippi,Other,12,2012 11 Mississippi,O157,63,46923,0.866,0.825,58,37,5.75,50.43,5646,6129,100
674,2003,6,Florida,Food,2,2003 6 Florida,O157,378,53625,0.9129999999999999,0.873,92,72,5.75,50.43,5646,6129,100
675,2000,10,Florida,Food,7,2000 10 Florida,O157,378,53625,0.9129999999999999,0.873,73,47,5.75,50.43,5646,6129,100
676,2002,8,Florida,Food,2,2002 8 Florida,O157,378,53625,0.9129999999999999,0.873,88,68,5.75,50.43,5646,6129,100
677,2002,8,Florida,Food,2,2002 8 Florida,O157,378,53625,0.9129999999999999,0.873,88,68,5.75,50.43,5646,6129,100
678,2010,3,Hawaii,Food,7,2010 3 Hawaii,O157,222,6423,0.943,0.902,83,69,5.75,50.43,5646,6129,100
679,2016,6,Alaska,Other,9,2016 6 Alaska,O157,1,570641,0.9420000000000001,0.912,65,52,5.75,50.43,5646,6129,100
680,2016,3,Connecticut,Other,50,2016 3 Connecticut,O103,741,4842,0.9570000000000001,0.911,58,41,5.73,50.65,5697,6225,98
681,2016,7,Ohio,Other,7,2016 7 Ohio,O103,284,40861,0.917,0.8740000000000001,84,63,5.73,50.65,5697,6225,98
682,2017,8,Ohio,Other,4,2017 8 Ohio,O103,284,40861,0.917,0.8740000000000001,77,56,5.73,50.65,5697,6225,98
683,2014,3,Ohio,Other,3,2014 3 Ohio,O103,284,40861,0.917,0.8740000000000001,63,41,5.73,50.65,5697,6225,98
684,2014,5,Ohio,Other,4,2014 5 Ohio,O103,284,40861,0.917,0.8740000000000001,82,61,5.73,50.65,5697,6225,98
685,2015,10,Ohio,Other,5,2015 10 Ohio,O103,284,40861,0.917,0.8740000000000001,52,35,5.73,50.65,5697,6225,98
686,2015,11,Ohio,Other,6,2015 11 Ohio,O103,284,40861,0.917,0.8740000000000001,41,26,5.73,50.65,5697,6225,98
687,2012,6,Oregon,Other,4,2012 6 Oregon,O103,41,95988,0.934,0.882,82,53,5.73,50.65,5697,6225,98
688,2017,9,Oregon,Food,13,2017 9 Oregon,O103,41,95988,0.934,0.882,64,42,5.73,50.65,5697,6225,98
689,2011,10,Wisconsin,Other,6,2011 10 Wisconsin,O103,106,54158,0.932,0.8859999999999999,46,32,5.73,50.65,5697,6225,98
690,2000,7,Washington,Food,18,2000 7 Washington,O103,107,66456,0.945,0.904,76,56,5.73,50.65,5697,6225,98
691,2013,5,Minnesota,Other,3,2013 5 Minnesota,O103,68,79627,0.95,0.901,80,59,5.73,50.65,5697,6225,98
692,2015,3,North Carolina,Other,20,2015 3 North Carolina,O103,206,48618,0.909,0.861,72,47,5.73,50.65,5697,6225,98
693,2015,8,Kansas,Other,12,2015 8 Kansas,O103,36,81759,0.9259999999999999,0.887,80,56,5.73,50.65,5697,6225,98
694,2011,7,Ohio,Other,2,2011 7 Ohio,O111,284,40861,0.917,0.8740000000000001,84,63,5.28,50.59,5155,5615,100
695,2012,7,Ohio,Other,4,2012 7 Ohio,O111,284,40861,0.917,0.8740000000000001,84,63,5.28,50.59,5155,5615,100
696,2013,7,Ohio,Other,5,2013 7 Ohio,O111,284,40861,0.917,0.8740000000000001,84,63,5.28,50.59,5155,5615,100
697,2014,6,Ohio,Other,6,2014 6 Ohio,O111,284,40861,0.917,0.8740000000000001,85,65,5.28,50.59,5155,5615,100
698,2015,3,Ohio,Other,3,2015 3 Ohio,O111,284,40861,0.917,0.8740000000000001,63,41,5.28,50.59,5155,5615,100
699,2004,9,New York,Food,212,2004 9 New York,O111,420,47126,0.946,0.888,65,50,5.28,50.59,5155,5615,100
700,2011,7,Wisconsin,Other,4,2011 7 Wisconsin,O111,106,54158,0.932,0.8859999999999999,78,63,5.28,50.59,5155,5615,100
701,2011,9,Wisconsin,Food,12,2011 9 Wisconsin,O111,106,54158,0.932,0.8859999999999999,59,43,5.28,50.59,5155,5615,100
702,2013,5,Wisconsin,Food,3,2013 5 Wisconsin,O111,106,54158,0.932,0.8859999999999999,75,57,5.28,50.59,5155,5615,100
703,2016,10,Tennessee,Other,4,2016 10 Tennessee,O111,160,41235,0.897,0.851,63,44,5.28,50.59,5155,5615,100
704,2013,6,Missouri,Other,10,2013 6 Missouri,O111,88,68742,0.91,0.871,88,68,5.28,50.59,5155,5615,100
705,2016,6,Missouri,Other,13,2016 6 Missouri,O111,88,68742,0.91,0.871,88,68,5.28,50.59,5155,5615,100
706,2016,6,Missouri,Other,4,2016 6 Missouri,O111,88,68742,0.91,0.871,88,68,5.28,50.59,5155,5615,100
707,2016,7,Minnesota,Other,8,2016 7 Minnesota,O111,68,79627,0.95,0.901,82,62,5.28,50.59,5155,5615,100
708,2017,7,Minnesota,Other,21,2017 7 Minnesota,O111,68,79627,0.95,0.901,82,62,5.28,50.59,5155,5615,100
709,2014,6,Minnesota,Food,15,2014 6 Minnesota,O111,68,79627,0.95,0.901,85,64,5.28,50.59,5155,5615,100
710,2014,11,Minnesota,Food,3,2014 11 Minnesota,O111,68,79627,0.95,0.901,29,13,5.28,50.59,5155,5615,100
711,2014,11,Minnesota,Other,2,2014 11 Minnesota,O111,68,79627,0.95,0.901,29,13,5.28,50.59,5155,5615,100
712,2013,7,Pennsylvania,Other,5,2013 7 Pennsylvania,O111,286,44743,0.927,0.8740000000000001,85,68,5.28,50.59,5155,5615,100
713,2017,8,Pennsylvania,Other,7,2017 8 Pennsylvania,O111,286,44743,0.927,0.8740000000000001,78,60,5.28,50.59,5155,5615,100
714,2016,6,Pennsylvania,Other,4,2016 6 Pennsylvania,O111,286,44743,0.927,0.8740000000000001,87,69,5.28,50.59,5155,5615,100
715,2015,4,Pennsylvania,Other,2,2015 4 Pennsylvania,O111,286,44743,0.927,0.8740000000000001,74,54,5.28,50.59,5155,5615,100
716,2011,6,New Hampshire,Other,2,2011 6 New Hampshire,O111,148,8953,0.9470000000000001,0.898,82,58,5.28,50.59,5155,5615,100
717,2007,3,Maine,Food,8,2007 3 Maine,O111,43,30843,0.919,0.8759999999999999,53,35,5.28,50.59,5155,5615,100
718,2009,7,South Dakota,Other,11,2009 7 South Dakota,O111,11,75811,0.9309999999999999,0.87,82,57,5.28,50.59,5155,5615,100
719,1999,6,Texas,Food,55,1999 6 Texas,O111,105,261232,0.914,0.868,96,74,5.28,50.59,5155,5615,100
720,2012,7,Illinois,Other,7,2012 7 Illinois,O111,231,55519,0.9329999999999999,0.883,82,66,5.28,50.59,5155,5615,100
721,2017,5,Illinois,Food,11,2017 5 Illinois,O111,231,55519,0.9329999999999999,0.883,81,63,5.28,50.59,5155,5615,100
722,2009,7,Wyoming,Food,2,2009 7 Wyoming,O111,6,97093,0.937,0.8959999999999999,81,54,5.28,50.59,5155,5615,100
723,2016,6,Iowa,Food,10,2016 6 Iowa,O111,55,55857,0.9309999999999999,0.885,86,67,5.28,50.59,5155,5615,100
724,2008,8,Oklahoma,Food,344,2008 8 Oklahoma,O111,57,68595,0.899,0.858,85,63,5.28,50.59,5155,5615,100
725,2015,9,Indiana,Other,5,2015 9 Indiana,O111,184,35826,0.91,0.8690000000000001,65,42,5.28,50.59,5155,5615,100
726,2014,4,Arkansas,Other,2,2014 4 Arkansas,O111,57,52035,0.883,0.8390000000000001,81,61,5.28,50.59,5155,5615,100
727,2008,7,Nebraska,Food,34,2008 7 Nebraska,O111,24,76824,0.937,0.889,86,64,5.28,50.59,5155,5615,100
728,2007,7,North Dakota,Food,23,2007 7 North Dakota,O111,10,69001,0.948,0.8740000000000001,83,56,5.28,50.59,5155,5615,100
729,2014,5,Ohio,Other,4,2014 5 Ohio,O146:H21,284,40861,0.917,0.8740000000000001,82,61,5.54,50.7,5397,5821,92
730,2011,5,New York,Food,19,2011 5 New York,O6:H16,420,47126,0.946,0.888,79,64,4.97,50.57,4627,5279,87
731,1998,8,Minnesota,Food,66,1998 8 Minnesota,O6:H16,68,79627,0.95,0.901,73,53,4.97,50.57,4627,5279,87
732,2010,1,California,Food,19,2010 1 California,O6:H16,251,155959,0.934,0.882,60,41,4.97,50.57,4627,5279,87
733,2010,4,Colorado,Other,10,2010 4 Colorado,O111:NM,52,103642,0.9470000000000001,0.906,72,43,5.13,50.6,4753,5144,98
734,2012,7,Colorado,Food,2,2012 7 Colorado,O111:NM,52,103642,0.9470000000000001,0.906,88,57,5.13,50.6,4753,5144,98
735,2013,3,Idaho,Other,2,2013 3 Idaho,O111:NM,20,82643,0.9109999999999999,0.872,62,39,5.13,50.6,4753,5144,98
736,2012,7,Minnesota,Other,10,2012 7 Minnesota,O111:NM,68,79627,0.95,0.901,82,62,5.13,50.6,4753,5144,98
737,2011,10,Minnesota,Food,14,2011 10 Minnesota,O111:NM,68,79627,0.95,0.901,42,27,5.13,50.6,4753,5144,98
738,2015,9,Maine,Other,2,2015 9 Maine,O111:NM,43,30843,0.919,0.8759999999999999,57,40,5.13,50.6,4753,5144,98
739,2015,10,California,Food,15,2015 10 California,O111:NM,251,155959,0.934,0.882,64,43,5.13,50.6,4753,5144,98
740,2011,5,Idaho,Other,3,2011 5 Idaho,O26:H11,20,82643,0.9109999999999999,0.872,81,54,5.86,50.66,5906,6377,101
741,2011,6,Idaho,Other,6,2011 6 Idaho,O26:H11,20,82643,0.9109999999999999,0.872,91,60,5.86,50.66,5906,6377,101
742,2011,9,Idaho,Other,2,2011 9 Idaho,O26:H11,20,82643,0.9109999999999999,0.872,65,41,5.86,50.66,5906,6377,101
743,2010,6,Washington,Other,24,2010 6 Washington,O26:H11,107,66456,0.945,0.904,76,56,5.86,50.66,5906,6377,101
744,2010,2,Washington,Food,6,2010 2 Washington,O26:H11,107,66456,0.945,0.904,54,39,5.86,50.66,5906,6377,101
745,2015,6,Pennsylvania,Other,3,2015 6 Pennsylvania,O26:H11,286,44743,0.927,0.8740000000000001,87,69,5.86,50.66,5906,6377,101
746,2012,1,Oregon,Other,5,2012 1 Oregon,O118:H16,41,95988,0.934,0.882,52,35,5.31,50.4,5307,5759,77
