,Year,Month,State,Primary Mode,Illnesses,Hospitalizations,Deaths,Outbreak ID,Strain,Density (Pop./ mi2),Landarea(mi2),HDI (2017)[note 1],HDI (1995),Average High (F),Average Low (F)
0,2009,1,Massachusetts,Food,3,2.0,0.0,2009 1 Massachusetts,O157:H7,871,7800,0.96,0.905,39.0,25.0
1,2010,7,Massachusetts,Other,2,2.0,0.0,2010 7 Massachusetts,O157:H7,871,7800,0.96,0.905,80.0,65.0
2,2011,7,Massachusetts,Other,8,3.0,0.0,2011 7 Massachusetts,O157:H7,871,7800,0.96,0.905,80.0,65.0
3,2002,7,Massachusetts,Food,5,3.0,0.0,2002 7 Massachusetts,O157:NM,871,7800,0.96,0.905,80.0,65.0
4,2002,7,Massachusetts,Food,5,3.0,0.0,2002 7 Massachusetts,(H-),871,7800,0.96,0.905,80.0,65.0
5,2006,7,Massachusetts,Food,5,1.0,0.0,2006 7 Massachusetts,O26,871,7800,0.96,0.905,80.0,65.0
6,2012,4,Massachusetts,Food,2,1.0,1.0,2012 4 Massachusetts,O157:H7,871,7800,0.96,0.905,66.0,50.0
7,2012,5,Massachusetts,Food,6,2.0,0.0,2012 5 Massachusetts,O157:H7,871,7800,0.96,0.905,76.0,60.0
8,2012,5,Massachusetts,Other,2,0.0,0.0,2012 5 Massachusetts,O26,871,7800,0.96,0.905,76.0,60.0
9,2001,5,Massachusetts,Food,8,6.0,0.0,2001 5 Massachusetts,O157:H7,871,7800,0.96,0.905,76.0,60.0
10,2016,5,Massachusetts,Other,2,1.0,0.0,2016 5 Massachusetts,O126,871,7800,0.96,0.905,76.0,60.0
11,2012,11,Massachusetts,Food,8,4.0,0.0,2012 11 Massachusetts,O157:H7,871,7800,0.96,0.905,41.0,28.0
12,2013,10,Massachusetts,Other,2,,,2013 10 Massachusetts,O121,871,7800,0.96,0.905,51.0,38.0
13,2007,10,Massachusetts,Food,9,1.0,0.0,2007 10 Massachusetts,O157:H7,871,7800,0.96,0.905,51.0,38.0
14,2013,8,Massachusetts,Other,2,2.0,0.0,2013 8 Massachusetts,O157:H7,871,7800,0.96,0.905,72.0,57.0
15,2000,8,Massachusetts,Food,5,,,2000 8 Massachusetts,O157:H7,871,7800,0.96,0.905,72.0,57.0
16,2002,8,Massachusetts,Food,13,3.0,0.0,2002 8 Massachusetts,O157:H7,871,7800,0.96,0.905,72.0,57.0
17,2014,6,Massachusetts,Food,4,2.0,1.0,2014 6 Massachusetts,O157:H7,871,7800,0.96,0.905,81.0,65.0
18,2001,9,Massachusetts,Food,12,2.0,0.0,2001 9 Massachusetts,O157:H7,871,7800,0.96,0.905,61.0,47.0
19,2002,9,Massachusetts,Food,66,2.0,0.0,2002 9 Massachusetts,O157:H7,871,7800,0.96,0.905,61.0,47.0
20,2015,9,Massachusetts,Food,3,2.0,0.0,2015 9 Massachusetts,O157:H7,871,7800,0.96,0.905,61.0,47.0
21,2017,9,Massachusetts,Food,4,2.0,0.0,2017 9 Massachusetts,O45:H2,871,7800,0.96,0.905,61.0,47.0
22,2017,3,Massachusetts,Food,16,9.0,0.0,2017 3 Massachusetts,O157:H7,871,7800,0.96,0.905,56.0,41.0
23,2009,3,Connecticut,Food,60,5.0,0.0,2009 3 Connecticut,O157:H7,741,4842,0.9570000000000001,0.911,58,41
24,2016,3,Connecticut,Other,50,7.0,0.0,2016 3 Connecticut,O157,741,4842,0.9570000000000001,0.911,58,41
25,2016,3,Connecticut,Other,50,7.0,0.0,2016 3 Connecticut,O103,741,4842,0.9570000000000001,0.911,58,41
26,1999,7,Connecticut,Food,17,7.0,0.0,1999 7 Connecticut,O157:NM,741,4842,0.9570000000000001,0.911,81,66
27,1999,7,Connecticut,Food,17,7.0,0.0,1999 7 Connecticut,(H-),741,4842,0.9570000000000001,0.911,81,66
28,2005,1,Connecticut,Food,7,3.0,0.0,2005 1 Connecticut,O157:H7,741,4842,0.9570000000000001,0.911,40,25
29,2008,6,Connecticut,Food,14,5.0,0.0,2008 6 Connecticut,O157:NM,741,4842,0.9570000000000001,0.911,82,66
30,2008,6,Connecticut,Food,14,5.0,0.0,2008 6 Connecticut,(H-),741,4842,0.9570000000000001,0.911,82,66
31,2016,4,Connecticut,Food,7,0.0,0.0,2016 4 Connecticut,O121,741,4842,0.9570000000000001,0.911,68,51
32,2016,10,Connecticut,Food,5,2.0,0.0,2016 10 Connecticut,O157:H7,741,4842,0.9570000000000001,0.911,53,38
33,2009,7,Ohio,Other,3,1.0,0.0,2009 7 Ohio,O157:H7,284,40861,0.917,0.874,84,63
34,2011,7,Ohio,Other,2,2.0,0.0,2011 7 Ohio,O111,284,40861,0.917,0.874,84,63
35,2010,7,Ohio,Food,8,3.0,0.0,2010 7 Ohio,O157:H7,284,40861,0.917,0.874,84,63
36,2012,7,Ohio,Food,77,14.0,1.0,2012 7 Ohio,O157:H7,284,40861,0.917,0.874,84,63
37,2012,7,Ohio,Other,4,2.0,0.0,2012 7 Ohio,O111,284,40861,0.917,0.874,84,63
38,2013,7,Ohio,Other,5,0.0,0.0,2013 7 Ohio,O111,284,40861,0.917,0.874,84,63
39,2014,7,Ohio,Other,2,1.0,0.0,2014 7 Ohio,O157:H7,284,40861,0.917,0.874,84,63
40,2014,7,Ohio,Other,4,0.0,0.0,2014 7 Ohio,O26,284,40861,0.917,0.874,84,63
41,1999,7,Ohio,Food,18,11.0,,1999 7 Ohio,O157:H7,284,40861,0.917,0.874,84,63
42,2015,7,Ohio,Other,6,0.0,0.0,2015 7 Ohio,O26,284,40861,0.917,0.874,84,63
43,2015,7,Ohio,Other,9,2.0,0.0,2015 7 Ohio,other,284,40861,0.917,0.874,84,63
44,2016,7,Ohio,Other,4,1.0,0.0,2016 7 Ohio,O157:H7,284,40861,0.917,0.874,84,63
45,2016,7,Ohio,Other,7,0.0,0.0,2016 7 Ohio,O103,284,40861,0.917,0.874,84,63
46,2017,7,Ohio,Food,37,2.0,0.0,2017 7 Ohio,O157:H7,284,40861,0.917,0.874,84,63
47,2011,6,Ohio,Other,2,1.0,0.0,2011 6 Ohio,O157:H7,284,40861,0.917,0.874,85,65
48,2013,6,Ohio,Food,5,3.0,0.0,2013 6 Ohio,O157:H7,284,40861,0.917,0.874,85,65
49,2014,6,Ohio,Other,6,1.0,0.0,2014 6 Ohio,Typhimurium,284,40861,0.917,0.874,85,65
50,2014,6,Ohio,Other,6,1.0,0.0,2014 6 Ohio,O111,284,40861,0.917,0.874,85,65
51,2004,6,Ohio,Food,8,3.0,0.0,2004 6 Ohio,O157:H7,284,40861,0.917,0.874,85,65
52,2009,6,Ohio,Food,2,2.0,0.0,2009 6 Ohio,O157:H7,284,40861,0.917,0.874,85,65
53,2016,6,Ohio,Other,2,0.0,0.0,2016 6 Ohio,O157:H7,284,40861,0.917,0.874,85,65
54,2011,8,Ohio,Other,3,1.0,0.0,2011 8 Ohio,O157:H7,284,40861,0.917,0.874,77,56
55,2009,8,Ohio,Food,11,4.0,0.0,2009 8 Ohio,O157:H7,284,40861,0.917,0.874,77,56
56,2012,8,Ohio,Other,7,0.0,0.0,2012 8 Ohio,O157:H7,284,40861,0.917,0.874,77,56
57,2013,8,Ohio,Other,6,0.0,0.0,2013 8 Ohio,unknown,284,40861,0.917,0.874,77,56
58,2014,8,Ohio,Other,7,3.0,0.0,2014 8 Ohio,O157:H7,284,40861,0.917,0.874,77,56
59,2014,8,Ohio,Other,3,0.0,0.0,2014 8 Ohio,O157:H7,284,40861,0.917,0.874,77,56
60,2005,8,Ohio,Food,18,6.0,1.0,2005 8 Ohio,O157:H7,284,40861,0.917,0.874,77,56
61,2016,8,Ohio,Other,2,2.0,0.0,2016 8 Ohio,unknown,284,40861,0.917,0.874,77,56
62,2017,8,Ohio,Other,4,0.0,0.0,2017 8 Ohio,O103,284,40861,0.917,0.874,77,56
63,2011,9,Ohio,Food,4,1.0,0.0,2011 9 Ohio,O157:H7,284,40861,0.917,0.874,65,44
64,2011,9,Ohio,Other,3,2.0,1.0,2011 9 Ohio,O157:H7,284,40861,0.917,0.874,65,44
65,2002,9,Ohio,Food,13,5.0,0.0,2002 9 Ohio,O157:H7,284,40861,0.917,0.874,65,44
66,2015,9,Ohio,Other,4,4.0,0.0,2015 9 Ohio,O157:H7,284,40861,0.917,0.874,65,44
67,2010,9,Ohio,Other,5,0.0,0.0,2010 9 Ohio,O157:H7,284,40861,0.917,0.874,65,44
68,2009,4,Ohio,Food,3,2.0,0.0,2009 4 Ohio,O157:H7,284,40861,0.917,0.874,73,52
69,2006,4,Ohio,Food,7,5.0,0.0,2006 4 Ohio,O157:H7,284,40861,0.917,0.874,73,52
70,1999,4,Ohio,Food,12,1.0,0.0,1999 4 Ohio,O157:H7,284,40861,0.917,0.874,73,52
71,2014,2,Ohio,Other,3,0.0,0.0,2014 2 Ohio,O157:H7,284,40861,0.917,0.874,52,32
72,2017,2,Ohio,Other,15,0.0,0.0,2017 2 Ohio,unknown,284,40861,0.917,0.874,52,32
73,2011,2,Ohio,Other,3,1.0,0.0,2011 2 Ohio,O157:H7,284,40861,0.917,0.874,52,32
74,2014,3,Ohio,Other,3,0.0,0.0,2014 3 Ohio,O103,284,40861,0.917,0.874,63,41
75,2015,3,Ohio,Other,3,0.0,0.0,2015 3 Ohio,O111,284,40861,0.917,0.874,63,41
76,2014,1,Ohio,Other,3,1.0,0.0,2014 1 Ohio,O157:H7,284,40861,0.917,0.874,40,24
77,2015,1,Ohio,Other,3,0.0,0.0,2015 1 Ohio,O157:H7,284,40861,0.917,0.874,40,24
78,2017,1,Ohio,Other,4,2.0,0.0,2017 1 Ohio,O157:H7,284,40861,0.917,0.874,40,24
79,2014,5,Ohio,Other,4,0.0,0.0,2014 5 Ohio,O103,284,40861,0.917,0.874,82,61
80,2014,5,Ohio,Other,4,0.0,0.0,2014 5 Ohio,O157:H7,284,40861,0.917,0.874,82,61
81,2014,5,Ohio,Other,4,0.0,0.0,2014 5 Ohio,O146:H21,284,40861,0.917,0.874,82,61
82,2016,5,Ohio,Food,10,0.0,0.0,2016 5 Ohio,unknown,284,40861,0.917,0.874,82,61
83,2016,5,Ohio,Food,3,0.0,0.0,2016 5 Ohio,O26,284,40861,0.917,0.874,82,61
84,1999,10,Ohio,Food,47,23.0,0.0,1999 10 Ohio,O157:H7,284,40861,0.917,0.874,52,35
85,2003,10,Ohio,Food,10,1.0,0.0,2003 10 Ohio,O157:H7,284,40861,0.917,0.874,52,35
86,2015,10,Ohio,Other,5,0.0,0.0,2015 10 Ohio,O103,284,40861,0.917,0.874,52,35
87,2002,11,Ohio,Food,5,1.0,0.0,2002 11 Ohio,O157:H7,284,40861,0.917,0.874,41,26
88,2015,11,Ohio,Other,6,1.0,0.0,2015 11 Ohio,O103,284,40861,0.917,0.874,41,26
89,2011,5,Louisiana,Other,8,4.0,0.0,2011 5 Louisiana,O157:H7,108,43204,0.89,0.849,89.0,74.0
90,2011,11,Louisiana,Other,2,2.0,0.0,2011 11 Louisiana,O157:H7,108,43204,0.89,0.849,64.0,47.0
91,2012,11,Louisiana,Other,3,0.0,0.0,2012 11 Louisiana,O157:H7,108,43204,0.89,0.849,64.0,47.0
92,2012,4,Louisiana,Food,5,3.0,1.0,2012 4 Louisiana,O145,108,43204,0.89,0.849,85.0,68.0
93,2012,8,Louisiana,Food,3,2.0,0.0,2012 8 Louisiana,O157:H7,108,43204,0.89,0.849,87.0,72.0
94,2013,10,Louisiana,Other,3,1.0,0.0,2013 10 Louisiana,O157:H7,108,43204,0.89,0.849,72.0,53.0
95,2015,3,Louisiana,Other,15,12.0,0.0,2015 3 Louisiana,O157:H7,108,43204,0.89,0.849,78.0,60.0
96,2011,5,New York,Food,19,0.0,0.0,2011 5 New York,O6:H16,420,47126,0.946,0.888,79.0,64.0
97,2002,5,New York,Food,2,1.0,,2002 5 New York,O157:H7,420,47126,0.946,0.888,79.0,64.0
98,2006,5,New York,Food,3,2.0,0.0,2006 5 New York,O157:H7,420,47126,0.946,0.888,79.0,64.0
99,2011,3,New York,Food,53,0.0,0.0,2011 3 New York,unknown,420,47126,0.946,0.888,60.0,44.0
100,2000,3,New York,Food,43,2.0,,2000 3 New York,O157:H7,420,47126,0.946,0.888,60.0,44.0
101,2006,3,New York,Food,6,4.0,0.0,2006 3 New York,O157:H7,420,47126,0.946,0.888,60.0,44.0
102,2011,3,New York,Food,2,2.0,0.0,2011 3 New York,O157:H7,420,47126,0.946,0.888,60.0,44.0
103,2011,7,New York,Food,2,1.0,0.0,2011 7 New York,O157:H7,420,47126,0.946,0.888,83.0,69.0
104,2009,7,New York,Food,2,0.0,0.0,2009 7 New York,O157:H7,420,47126,0.946,0.888,83.0,69.0
105,2009,7,New York,Food,2,2.0,0.0,2009 7 New York,O157:H7,420,47126,0.946,0.888,83.0,69.0
106,2009,7,New York,Food,3,1.0,0.0,2009 7 New York,O157:H7,420,47126,0.946,0.888,83.0,69.0
107,2000,7,New York,Food,2,,,2000 7 New York,O157:H7,420,47126,0.946,0.888,83.0,69.0
108,2001,7,New York,Food,9,,,2001 7 New York,O157:H7,420,47126,0.946,0.888,83.0,69.0
109,2007,7,New York,Food,3,2.0,0.0,2007 7 New York,O157:H7,420,47126,0.946,0.888,83.0,69.0
110,2007,7,New York,Food,2,2.0,0.0,2007 7 New York,O157:H7,420,47126,0.946,0.888,83.0,69.0
111,2008,7,New York,Food,8,8.0,0.0,2008 7 New York,O157:H7,420,47126,0.946,0.888,83.0,69.0
112,2009,8,New York,Food,2,1.0,0.0,2009 8 New York,O157:H7,420,47126,0.946,0.888,76.0,61.0
113,1998,8,New York,Food,5,,,1998 8 New York,O157:H7,420,47126,0.946,0.888,76.0,61.0
114,1998,8,New York,Food,19,1.0,0.0,1998 8 New York,O157:H7,420,47126,0.946,0.888,76.0,61.0
115,2001,8,New York,Food,2,,,2001 8 New York,O157:H7,420,47126,0.946,0.888,76.0,61.0
116,2005,8,New York,Food,52,3.0,0.0,2005 8 New York,O45,420,47126,0.946,0.888,76.0,61.0
117,2005,10,New York,Food,3,0.0,0.0,2005 10 New York,O157:H7,420,47126,0.946,0.888,54.0,41.0
118,2011,10,New York,Other,2,1.0,0.0,2011 10 New York,O157:H7,420,47126,0.946,0.888,54.0,41.0
119,1999,4,New York,Food,9,,,1999 4 New York,O157:NM,420,47126,0.946,0.888,71.0,55.0
120,1999,4,New York,Food,9,,,1999 4 New York,(H-),420,47126,0.946,0.888,71.0,55.0
121,2000,9,New York,Food,18,3.0,,2000 9 New York,O157:H7,420,47126,0.946,0.888,65.0,50.0
122,2004,9,New York,Food,212,14.0,0.0,2004 9 New York,O111,420,47126,0.946,0.888,65.0,50.0
123,2008,9,New York,Food,8,5.0,0.0,2008 9 New York,O157:H7,420,47126,0.946,0.888,65.0,50.0
124,2010,6,New York,Food,3,1.0,1.0,2010 6 New York,O157:H7,420,47126,0.946,0.888,85.0,70.0
125,2015,6,New York,Food,2,1.0,0.0,2015 6 New York,O157:H7,420,47126,0.946,0.888,85.0,70.0
126,2004,11,New York,Food,2,2.0,1.0,2004 11 New York,O157:H7,420,47126,0.946,0.888,44.0,32.0
127,2005,1,New York,Food,2,2.0,0.0,2005 1 New York,O157:H7,420,47126,0.946,0.888,42.0,29.0
128,2006,1,New York,Food,2,2.0,0.0,2006 1 New York,O157:H7,420,47126,0.946,0.888,42.0,29.0
129,2011,1,New York,Food,2,1.0,0.0,2011 1 New York,O157:H7,420,47126,0.946,0.888,42.0,29.0
130,2011,2,New York,Food,2,0.0,0.0,2011 2 New York,O157:H7,420,47126,0.946,0.888,50.0,35.0
131,2010,7,Arizona,Food,16,5.0,0.0,2010 7 Arizona,O157:H7,60,113594,0.9129999999999999,0.875,104.0,83.0
132,2013,7,Arizona,Food,94,22.0,0.0,2013 7 Arizona,O157:H7,60,113594,0.9129999999999999,0.875,104.0,83.0
133,2013,8,Arizona,Other,8,3.0,0.0,2013 8 Arizona,O157:H7,60,113594,0.9129999999999999,0.875,100.0,77.0
134,2014,6,Arizona,Food,2,0.0,0.0,2014 6 Arizona,O26,60,113594,0.9129999999999999,0.875,106.0,83.0
135,2010,4,Arizona,Other,5,1.0,0.0,2010 4 Arizona,O157:H7,60,113594,0.9129999999999999,0.875,95.0,69.0
136,2010,4,Colorado,Other,10,0.0,0.0,2010 4 Colorado,O111:NM,52,103642,0.9470000000000001,0.906,72,43
137,2011,10,Colorado,Other,14,3.0,0.0,2011 10 Colorado,O157:NM,52,103642,0.9470000000000001,0.906,52,25
138,2011,10,Colorado,Other,14,3.0,0.0,2011 10 Colorado,(H-),52,103642,0.9470000000000001,0.906,52,25
139,2013,10,Colorado,Food,9,1.0,0.0,2013 10 Colorado,O157:H7,52,103642,0.9470000000000001,0.906,52,25
140,2010,10,Colorado,Other,6,1.0,0.0,2010 10 Colorado,O157:H7,52,103642,0.9470000000000001,0.906,52,25
141,2011,6,Colorado,Other,5,0.0,0.0,2011 6 Colorado,O26:NM,52,103642,0.9470000000000001,0.906,90,59
142,2014,6,Colorado,Other,3,1.0,0.0,2014 6 Colorado,O157:H7,52,103642,0.9470000000000001,0.906,90,59
143,2009,6,Colorado,Other,13,1.0,0.0,2009 6 Colorado,O157:NM,52,103642,0.9470000000000001,0.906,90,59
144,2009,6,Colorado,Other,13,1.0,0.0,2009 6 Colorado,(H-),52,103642,0.9470000000000001,0.906,90,59
145,2000,6,Colorado,Food,16,6.0,1.0,2000 6 Colorado,O157:H7,52,103642,0.9470000000000001,0.906,90,59
146,2000,6,Colorado,Food,7,5.0,0.0,2000 6 Colorado,O157:H7,52,103642,0.9470000000000001,0.906,90,59
147,2010,6,Colorado,Food,30,2.0,0.0,2010 6 Colorado,O157:H7,52,103642,0.9470000000000001,0.906,90,59
148,2015,6,Colorado,Food,6,0.0,0.0,2015 6 Colorado,O157:H7,52,103642,0.9470000000000001,0.906,90,59
149,2015,6,Colorado,Food,16,5.0,0.0,2015 6 Colorado,O157:H7,52,103642,0.9470000000000001,0.906,90,59
150,2012,7,Colorado,Other,3,1.0,0.0,2012 7 Colorado,O26,52,103642,0.9470000000000001,0.906,88,57
151,2012,7,Colorado,Food,2,0.0,0.0,2012 7 Colorado,O111:NM,52,103642,0.9470000000000001,0.906,88,57
152,2001,7,Colorado,Food,13,5.0,0.0,2001 7 Colorado,O157:H7,52,103642,0.9470000000000001,0.906,88,57
153,2003,7,Colorado,Food,2,2.0,0.0,2003 7 Colorado,O157:H7,52,103642,0.9470000000000001,0.906,88,57
154,2003,7,Colorado,Food,13,1.0,0.0,2003 7 Colorado,O157:NM,52,103642,0.9470000000000001,0.906,88,57
155,2003,7,Colorado,Food,13,1.0,0.0,2003 7 Colorado,(H-),52,103642,0.9470000000000001,0.906,88,57
156,2004,7,Colorado,Food,4,1.0,0.0,2004 7 Colorado,O157:H7,52,103642,0.9470000000000001,0.906,88,57
157,2006,7,Colorado,Food,20,3.0,0.0,2006 7 Colorado,O157:H7,52,103642,0.9470000000000001,0.906,88,57
158,2007,7,Colorado,Food,135,10.0,0.0,2007 7 Colorado,O121,52,103642,0.9470000000000001,0.906,88,57
159,2007,7,Colorado,Food,135,10.0,0.0,2007 7 Colorado,O26,52,103642,0.9470000000000001,0.906,88,57
160,2007,7,Colorado,Food,135,10.0,0.0,2007 7 Colorado,O84,52,103642,0.9470000000000001,0.906,88,57
161,2008,7,Colorado,Food,3,1.0,0.0,2008 7 Colorado,O157:H7,52,103642,0.9470000000000001,0.906,88,57
162,2017,7,Colorado,Other,18,3.0,0.0,2017 7 Colorado,O157:H7,52,103642,0.9470000000000001,0.906,88,57
163,2017,7,Colorado,Other,18,3.0,0.0,2017 7 Colorado,unknown,52,103642,0.9470000000000001,0.906,88,57
164,2012,9,Colorado,Other,5,3.0,0.0,2012 9 Colorado,O157:H7,52,103642,0.9470000000000001,0.906,66,37
165,1999,9,Colorado,Food,9,0.0,0.0,1999 9 Colorado,O157:H7,52,103642,0.9470000000000001,0.906,66,37
166,2007,9,Colorado,Food,2,0.0,0.0,2007 9 Colorado,O157:H7,52,103642,0.9470000000000001,0.906,66,37
167,2008,9,Colorado,Food,21,2.0,0.0,2008 9 Colorado,O157:NM,52,103642,0.9470000000000001,0.906,66,37
168,2008,9,Colorado,Food,21,2.0,0.0,2008 9 Colorado,(H-),52,103642,0.9470000000000001,0.906,66,37
169,2017,9,Colorado,Food,6,1.0,0.0,2017 9 Colorado,O26,52,103642,0.9470000000000001,0.906,66,37
170,2017,9,Colorado,Other,6,2.0,0.0,2017 9 Colorado,O121,52,103642,0.9470000000000001,0.906,66,37
171,2009,1,Colorado,Other,19,6.0,0.0,2009 1 Colorado,O157:H7,52,103642,0.9470000000000001,0.906,46,19
172,2017,1,Colorado,Other,5,2.0,0.0,2017 1 Colorado,O157,52,103642,0.9470000000000001,0.906,46,19
173,2017,1,Colorado,Other,5,2.0,0.0,2017 1 Colorado,other,52,103642,0.9470000000000001,0.906,46,19
174,2009,5,Colorado,Food,3,2.0,0.0,2009 5 Colorado,O157:H7,52,103642,0.9470000000000001,0.906,82,52
175,2013,5,Colorado,Other,2,0.0,0.0,2013 5 Colorado,O26,52,103642,0.9470000000000001,0.906,82,52
176,2008,5,Colorado,Food,2,2.0,0.0,2008 5 Colorado,O157:H7,52,103642,0.9470000000000001,0.906,82,52
177,2010,5,Colorado,Other,47,0.0,0.0,2010 5 Colorado,O26,52,103642,0.9470000000000001,0.906,82,52
178,2016,5,Colorado,Food,9,1.0,0.0,2016 5 Colorado,O157:H7,52,103642,0.9470000000000001,0.906,82,52
179,2013,8,Colorado,Other,5,2.0,0.0,2013 8 Colorado,O157:H7,52,103642,0.9470000000000001,0.906,79,48
180,2014,8,Colorado,Other,6,1.0,0.0,2014 8 Colorado,unknown,52,103642,0.9470000000000001,0.906,79,48
181,2009,8,Colorado,Other,9,1.0,0.0,2009 8 Colorado,Typhimurium,52,103642,0.9470000000000001,0.906,79,48
182,2009,8,Colorado,Other,9,1.0,0.0,2009 8 Colorado,O157:H7,52,103642,0.9470000000000001,0.906,79,48
183,2010,8,Colorado,Other,21,0.0,0.0,2010 8 Colorado,O26,52,103642,0.9470000000000001,0.906,79,48
184,2008,8,Colorado,Food,5,3.0,0.0,2008 8 Colorado,O157:H7,52,103642,0.9470000000000001,0.906,79,48
185,2016,8,Colorado,Other,5,0.0,0.0,2016 8 Colorado,O157:H7,52,103642,0.9470000000000001,0.906,79,48
186,2009,2,Colorado,Other,13,0.0,0.0,2009 2 Colorado,O157:H7,52,103642,0.9470000000000001,0.906,54,27
187,2010,3,Colorado,Food,2,1.0,0.0,2010 3 Colorado,O157:H7,52,103642,0.9470000000000001,0.906,61,34
188,2011,5,Idaho,Food,2,2.0,0.0,2011 5 Idaho,O121:H19,20,82643,0.9109999999999999,0.872,81.0,54.0
189,2011,5,Idaho,Other,3,0.0,0.0,2011 5 Idaho,O26:H11,20,82643,0.9109999999999999,0.872,81.0,54.0
190,2017,5,Idaho,Other,3,0.0,0.0,2017 5 Idaho,O121,20,82643,0.9109999999999999,0.872,81.0,54.0
191,2017,5,Idaho,Other,2,0.0,0.0,2017 5 Idaho,O26,20,82643,0.9109999999999999,0.872,81.0,54.0
192,2011,6,Idaho,Other,6,0.0,0.0,2011 6 Idaho,O26:H11,20,82643,0.9109999999999999,0.872,91.0,60.0
193,2011,9,Idaho,Other,2,0.0,0.0,2011 9 Idaho,O26:H11,20,82643,0.9109999999999999,0.872,65.0,41.0
194,2011,9,Idaho,Food,5,1.0,0.0,2011 9 Idaho,O157:H7,20,82643,0.9109999999999999,0.872,65.0,41.0
195,2011,9,Idaho,Other,2,2.0,0.0,2011 9 Idaho,O157:H7,20,82643,0.9109999999999999,0.872,65.0,41.0
196,2013,9,Idaho,Food,4,1.0,1.0,2013 9 Idaho,O157:H7,20,82643,0.9109999999999999,0.872,65.0,41.0
197,2010,9,Idaho,Food,6,3.0,0.0,2010 9 Idaho,O121:H19,20,82643,0.9109999999999999,0.872,65.0,41.0
198,2015,9,Idaho,Food,15,3.0,0.0,2015 9 Idaho,O157:H7,20,82643,0.9109999999999999,0.872,65.0,41.0
199,2010,10,Idaho,Food,3,3.0,0.0,2010 10 Idaho,O157:H7,20,82643,0.9109999999999999,0.872,48.0,32.0
200,1999,10,Idaho,Food,33,3.0,0.0,1999 10 Idaho,O157:H7,20,82643,0.9109999999999999,0.872,48.0,32.0
201,2013,3,Idaho,Other,2,0.0,0.0,2013 3 Idaho,O111:NM,20,82643,0.9109999999999999,0.872,62.0,39.0
202,2017,3,Idaho,Other,3,1.0,0.0,2017 3 Idaho,O157:H7,20,82643,0.9109999999999999,0.872,62.0,39.0
203,2013,8,Idaho,Other,2,0.0,0.0,2013 8 Idaho,O157:H7,20,82643,0.9109999999999999,0.872,79.0,51.0
204,2017,8,Idaho,Other,3,0.0,0.0,2017 8 Idaho,O26,20,82643,0.9109999999999999,0.872,79.0,51.0
205,2006,11,Idaho,Food,4,0.0,0.0,2006 11 Idaho,O157:H7,20,82643,0.9109999999999999,0.872,38.0,24.0
206,2009,7,Oregon,Other,3,0.0,0.0,2009 7 Oregon,O157:H7,41,95988,0.934,0.882,82,53
207,2011,7,Oregon,Other,2,0.0,0.0,2011 7 Oregon,O157:H7,41,95988,0.934,0.882,82,53
208,2011,7,Oregon,Food,15,7.0,2.0,2011 7 Oregon,O157:H7,41,95988,0.934,0.882,82,53
209,2013,7,Oregon,Other,2,2.0,,2013 7 Oregon,O157:H7,41,95988,0.934,0.882,82,53
210,2013,7,Oregon,Other,4,0.0,0.0,2013 7 Oregon,O26,41,95988,0.934,0.882,82,53
211,2013,7,Oregon,Other,2,0.0,0.0,2013 7 Oregon,O157,41,95988,0.934,0.882,82,53
212,2014,7,Oregon,Other,3,0.0,0.0,2014 7 Oregon,O157:H7,41,95988,0.934,0.882,82,53
213,2015,7,Oregon,Other,3,0.0,0.0,2015 7 Oregon,O157,41,95988,0.934,0.882,82,53
214,2015,7,Oregon,Other,3,1.0,0.0,2015 7 Oregon,O26,41,95988,0.934,0.882,82,53
215,2011,8,Oregon,Other,2,0.0,,2011 8 Oregon,O157:H7,41,95988,0.934,0.882,77,48
216,2012,8,Oregon,Other,5,2.0,0.0,2012 8 Oregon,O157,41,95988,0.934,0.882,77,48
217,2009,8,Oregon,Other,2,0.0,0.0,2009 8 Oregon,O157:H7,41,95988,0.934,0.882,77,48
218,2013,8,Oregon,Other,2,,,2013 8 Oregon,O157:H7,41,95988,0.934,0.882,77,48
219,2014,8,Oregon,Other,2,1.0,0.0,2014 8 Oregon,O121,41,95988,0.934,0.882,77,48
220,2014,8,Oregon,Other,2,2.0,1.0,2014 8 Oregon,O157:H7,41,95988,0.934,0.882,77,48
221,2000,8,Oregon,Food,37,4.0,0.0,2000 8 Oregon,O157:H7,41,95988,0.934,0.882,77,48
222,2003,8,Oregon,Food,12,2.0,0.0,2003 8 Oregon,O157:H7,41,95988,0.934,0.882,77,48
223,2010,8,Oregon,Other,3,1.0,0.0,2010 8 Oregon,O157:H7,41,95988,0.934,0.882,77,48
224,2010,8,Oregon,Other,3,2.0,0.0,2010 8 Oregon,O157:H7,41,95988,0.934,0.882,77,48
225,2016,8,Oregon,Other,3,3.0,0.0,2016 8 Oregon,O157:H7,41,95988,0.934,0.882,77,48
226,2011,10,Oregon,Other,2,0.0,0.0,2011 10 Oregon,O157:NM,41,95988,0.934,0.882,53,38
227,2011,10,Oregon,Other,2,0.0,0.0,2011 10 Oregon,(H-),41,95988,0.934,0.882,53,38
228,2011,10,Oregon,Other,2,1.0,,2011 10 Oregon,O157:H7,41,95988,0.934,0.882,53,38
229,2012,10,Oregon,Food,4,1.0,0.0,2012 10 Oregon,O157:H7,41,95988,0.934,0.882,53,38
230,2014,10,Oregon,Other,2,0.0,0.0,2014 10 Oregon,O157:H7,41,95988,0.934,0.882,53,38
231,2005,10,Oregon,Food,64,1.0,0.0,2005 10 Oregon,O157:H7,41,95988,0.934,0.882,53,38
232,2002,10,Oregon,Food,49,0.0,0.0,2002 10 Oregon,O27,41,95988,0.934,0.882,53,38
233,2010,10,Oregon,Other,11,0.0,0.0,2010 10 Oregon,O26,41,95988,0.934,0.882,53,38
234,2012,1,Oregon,Other,5,0.0,0.0,2012 1 Oregon,O118:H16,41,95988,0.934,0.882,52,35
235,2012,4,Oregon,Food,16,4.0,0.0,2012 4 Oregon,O157:H7,41,95988,0.934,0.882,68,45
236,2012,6,Oregon,Other,4,1.0,0.0,2012 6 Oregon,O121,41,95988,0.934,0.882,82,53
237,2012,6,Oregon,Other,4,1.0,0.0,2012 6 Oregon,O103,41,95988,0.934,0.882,82,53
238,2010,6,Oregon,Food,4,4.0,0.0,2010 6 Oregon,O157:H7,41,95988,0.934,0.882,82,53
239,2007,6,Oregon,Food,2,1.0,0.0,2007 6 Oregon,O157:NM,41,95988,0.934,0.882,82,53
240,2007,6,Oregon,Food,2,1.0,0.0,2007 6 Oregon,(H-),41,95988,0.934,0.882,82,53
241,2010,6,Oregon,Other,11,2.0,0.0,2010 6 Oregon,O157:H7,41,95988,0.934,0.882,82,53
242,2009,9,Oregon,Other,4,1.0,0.0,2009 9 Oregon,O157:H7,41,95988,0.934,0.882,64,42
243,2009,9,Oregon,Other,4,2.0,0.0,2009 9 Oregon,O157:H7,41,95988,0.934,0.882,64,42
244,2014,9,Oregon,Other,6,2.0,0.0,2014 9 Oregon,O157,41,95988,0.934,0.882,64,42
245,2001,9,Oregon,Food,8,0.0,0.0,2001 9 Oregon,O157:H7,41,95988,0.934,0.882,64,42
246,2010,9,Oregon,Other,7,3.0,0.0,2010 9 Oregon,O157:H7,41,95988,0.934,0.882,64,42
247,2017,9,Oregon,Food,13,2.0,0.0,2017 9 Oregon,O103,41,95988,0.934,0.882,64,42
248,2017,9,Oregon,Food,2,0.0,0.0,2017 9 Oregon,O26,41,95988,0.934,0.882,64,42
249,2003,5,Oregon,Food,3,1.0,0.0,2003 5 Oregon,O157:H7,41,95988,0.934,0.882,74,49
250,2006,5,Oregon,Food,4,2.0,0.0,2006 5 Oregon,O157:H7,41,95988,0.934,0.882,74,49
251,2006,11,Oregon,Food,3,1.0,0.0,2006 11 Oregon,O157:H7,41,95988,0.934,0.882,46,34
252,2007,3,Oregon,Food,2,2.0,0.0,2007 3 Oregon,O157:H7,41,95988,0.934,0.882,61,40
253,2011,4,Wisconsin,Food,13,3.0,0.0,2011 4 Wisconsin,O157:H7,106,54158,0.932,0.886,65,47
254,2015,4,Wisconsin,Food,2,0.0,0.0,2015 4 Wisconsin,O26,106,54158,0.932,0.886,65,47
255,2011,7,Wisconsin,Other,4,0.0,0.0,2011 7 Wisconsin,O111,106,54158,0.932,0.886,78,63
256,2011,7,Wisconsin,Other,19,5.0,1.0,2011 7 Wisconsin,O157:H7,106,54158,0.932,0.886,78,63
257,2012,7,Wisconsin,Other,7,3.0,0.0,2012 7 Wisconsin,O157:H7,106,54158,0.932,0.886,78,63
258,2013,7,Wisconsin,Other,3,0.0,0.0,2013 7 Wisconsin,O145,106,54158,0.932,0.886,78,63
259,2000,7,Wisconsin,Food,736,23.0,1.0,2000 7 Wisconsin,O157:H7,106,54158,0.932,0.886,78,63
260,2000,7,Wisconsin,Food,52,0.0,0.0,2000 7 Wisconsin,O157:H7,106,54158,0.932,0.886,78,63
261,2001,7,Wisconsin,Food,21,0.0,0.0,2001 7 Wisconsin,O169:H41,106,54158,0.932,0.886,78,63
262,2017,7,Wisconsin,Food,36,3.0,0.0,2017 7 Wisconsin,I,106,54158,0.932,0.886,78,63
263,2017,7,Wisconsin,Food,36,3.0,0.0,2017 7 Wisconsin,"4,[5],12:i:-",106,54158,0.932,0.886,78,63
264,2017,7,Wisconsin,Food,36,3.0,0.0,2017 7 Wisconsin,Newport,106,54158,0.932,0.886,78,63
265,2017,7,Wisconsin,Food,36,3.0,0.0,2017 7 Wisconsin,unknown,106,54158,0.932,0.886,78,63
266,2017,7,Wisconsin,Other,2,1.0,0.0,2017 7 Wisconsin,O157:H7,106,54158,0.932,0.886,78,63
267,2011,8,Wisconsin,Other,14,1.0,0.0,2011 8 Wisconsin,O157:H7,106,54158,0.932,0.886,71,55
268,2013,8,Wisconsin,Other,2,1.0,0.0,2013 8 Wisconsin,O157,106,54158,0.932,0.886,71,55
269,2000,8,Wisconsin,Food,6,3.0,0.0,2000 8 Wisconsin,O157:H7,106,54158,0.932,0.886,71,55
270,2001,8,Wisconsin,Food,55,6.0,0.0,2001 8 Wisconsin,O157:H7,106,54158,0.932,0.886,71,55
271,2002,8,Wisconsin,Food,19,11.0,0.0,2002 8 Wisconsin,O157:H7,106,54158,0.932,0.886,71,55
272,2010,8,Wisconsin,Other,7,3.0,0.0,2010 8 Wisconsin,O157:H7,106,54158,0.932,0.886,71,55
273,2016,8,Wisconsin,Other,7,0.0,0.0,2016 8 Wisconsin,unknown,106,54158,0.932,0.886,71,55
274,2017,8,Wisconsin,Other,13,4.0,0.0,2017 8 Wisconsin,O157,106,54158,0.932,0.886,71,55
275,2011,9,Wisconsin,Food,12,0.0,0.0,2011 9 Wisconsin,O111,106,54158,0.932,0.886,59,43
276,2011,9,Wisconsin,Food,12,0.0,0.0,2011 9 Wisconsin,O26,106,54158,0.932,0.886,59,43
277,2014,9,Wisconsin,Food,4,2.0,0.0,2014 9 Wisconsin,O157,106,54158,0.932,0.886,59,43
278,2014,9,Wisconsin,Food,38,10.0,0.0,2014 9 Wisconsin,unknown,106,54158,0.932,0.886,59,43
279,2009,6,Wisconsin,Other,7,1.0,0.0,2009 6 Wisconsin,O157:H7,106,54158,0.932,0.886,80,64
280,1998,6,Wisconsin,Food,47,10.0,0.0,1998 6 Wisconsin,O157:H7,106,54158,0.932,0.886,80,64
281,1998,6,Wisconsin,Food,63,24.0,0.0,1998 6 Wisconsin,O157:H7,106,54158,0.932,0.886,80,64
282,2016,6,Wisconsin,Other,2,0.0,0.0,2016 6 Wisconsin,O121,106,54158,0.932,0.886,80,64
283,2017,6,Wisconsin,Other,28,0.0,0.0,2017 6 Wisconsin,GI.P7,106,54158,0.932,0.886,80,64
284,2017,6,Wisconsin,Other,28,0.0,0.0,2017 6 Wisconsin,-,106,54158,0.932,0.886,80,64
285,2017,6,Wisconsin,Other,28,0.0,0.0,2017 6 Wisconsin,GI.7,106,54158,0.932,0.886,80,64
286,2017,6,Wisconsin,Other,28,0.0,0.0,2017 6 Wisconsin,unknown,106,54158,0.932,0.886,80,64
287,2011,10,Wisconsin,Other,6,3.0,0.0,2011 10 Wisconsin,O103,106,54158,0.932,0.886,46,32
288,2011,10,Wisconsin,Other,6,3.0,0.0,2011 10 Wisconsin,O157:H7,106,54158,0.932,0.886,46,32
289,2011,10,Wisconsin,Food,4,1.0,0.0,2011 10 Wisconsin,O157:H7,106,54158,0.932,0.886,46,32
290,2012,10,Wisconsin,Other,2,1.0,0.0,2012 10 Wisconsin,O157:H7,106,54158,0.932,0.886,46,32
291,2000,10,Wisconsin,Food,29,4.0,0.0,2000 10 Wisconsin,O157:H7,106,54158,0.932,0.886,46,32
292,2001,10,Wisconsin,Food,34,6.0,0.0,2001 10 Wisconsin,O157:H7,106,54158,0.932,0.886,46,32
293,2013,3,Wisconsin,Food,3,1.0,0.0,2013 3 Wisconsin,O157:H7,106,54158,0.932,0.886,54,37
294,2013,5,Wisconsin,Food,3,2.0,0.0,2013 5 Wisconsin,O111,106,54158,0.932,0.886,75,57
295,2014,2,Wisconsin,Other,4,1.0,0.0,2014 2 Wisconsin,O157,106,54158,0.932,0.886,42,28
296,1998,11,Wisconsin,Food,13,3.0,0.0,1998 11 Wisconsin,O157:H7,106,54158,0.932,0.886,33,20
297,2017,11,Wisconsin,Other,6,0.0,0.0,2017 11 Wisconsin,unknown,106,54158,0.932,0.886,33,20
298,2017,1,Wisconsin,Other,13,0.0,0.0,2017 1 Wisconsin,unknown,106,54158,0.932,0.886,33,19
299,2011,4,Tennessee,Other,9,2.0,0.0,2011 4 Tennessee,O157:H7,160,41235,0.897,0.851,81,62
300,2011,4,Tennessee,Other,9,2.0,0.0,2011 4 Tennessee,unknown,160,41235,0.897,0.851,81,62
301,2012,4,Tennessee,Other,8,2.0,0.0,2012 4 Tennessee,O157:H7,160,41235,0.897,0.851,81,62
302,1999,4,Tennessee,Food,30,2.0,0.0,1999 4 Tennessee,O157:H7,160,41235,0.897,0.851,81,62
303,2002,4,Tennessee,Food,26,2.0,0.0,2002 4 Tennessee,O157:H7,160,41235,0.897,0.851,81,62
304,2016,4,Tennessee,Other,22,4.0,0.0,2016 4 Tennessee,O157:H7,160,41235,0.897,0.851,81,62
305,2012,1,Tennessee,Other,12,0.0,0.0,2012 1 Tennessee,unknown,160,41235,0.897,0.851,55,36
306,2013,5,Tennessee,Other,2,1.0,0.0,2013 5 Tennessee,O157:H7,160,41235,0.897,0.851,89,70
307,2013,5,Tennessee,Food,10,1.0,0.0,2013 5 Tennessee,Enteritidis,160,41235,0.897,0.851,89,70
308,2013,5,Tennessee,Food,10,1.0,0.0,2013 5 Tennessee,unknown,160,41235,0.897,0.851,89,70
309,2008,5,Tennessee,Food,6,4.0,0.0,2008 5 Tennessee,O157:H7,160,41235,0.897,0.851,89,70
310,2013,6,Tennessee,Food,7,3.0,0.0,2013 6 Tennessee,O157:H7,160,41235,0.897,0.851,92,74
311,2013,6,Tennessee,Food,3,0.0,0.0,2013 6 Tennessee,O26,160,41235,0.897,0.851,92,74
312,2014,6,Tennessee,Other,12,0.0,0.0,2014 6 Tennessee,unknown,160,41235,0.897,0.851,92,74
313,2010,6,Tennessee,Other,14,4.0,0.0,2010 6 Tennessee,O157:H7,160,41235,0.897,0.851,92,74
314,2013,7,Tennessee,Other,34,0.0,0.0,2013 7 Tennessee,unknown,160,41235,0.897,0.851,91,73
315,2013,7,Tennessee,Other,34,0.0,0.0,2013 7 Tennessee,O157:H7,160,41235,0.897,0.851,91,73
316,2013,10,Tennessee,Food,9,5.0,0.0,2013 10 Tennessee,O157:H7,160,41235,0.897,0.851,63,44
317,2003,10,Tennessee,Food,6,0.0,0.0,2003 10 Tennessee,O157:H7,160,41235,0.897,0.851,63,44
318,2008,10,Tennessee,Food,12,2.0,0.0,2008 10 Tennessee,O157:H7,160,41235,0.897,0.851,63,44
319,2015,10,Tennessee,Other,2,0.0,0.0,2015 10 Tennessee,O26,160,41235,0.897,0.851,63,44
320,2016,10,Tennessee,Other,4,2.0,0.0,2016 10 Tennessee,O111,160,41235,0.897,0.851,63,44
321,2016,10,Tennessee,Other,4,2.0,0.0,2016 10 Tennessee,O157:H7,160,41235,0.897,0.851,63,44
322,2010,2,Tennessee,Food,3,0.0,0.0,2010 2 Tennessee,O157:H7,160,41235,0.897,0.851,64,44
323,2010,2,Tennessee,Food,18,0.0,0.0,2010 2 Tennessee,GII.4,160,41235,0.897,0.851,64,44
324,2010,2,Tennessee,Food,18,0.0,0.0,2010 2 Tennessee,New,160,41235,0.897,0.851,64,44
325,2010,2,Tennessee,Food,18,0.0,0.0,2010 2 Tennessee,Orleans,160,41235,0.897,0.851,64,44
326,2010,2,Tennessee,Food,18,0.0,0.0,2010 2 Tennessee,unknown,160,41235,0.897,0.851,64,44
327,2014,9,Tennessee,Other,2,2.0,0.0,2014 9 Tennessee,O157:H7,160,41235,0.897,0.851,74,54
328,2003,8,Tennessee,Food,41,2.0,0.0,2003 8 Tennessee,O169:H41,160,41235,0.897,0.851,85,65
329,2010,8,Tennessee,Food,6,1.0,0.0,2010 8 Tennessee,unknown,160,41235,0.897,0.851,85,65
330,2007,8,Tennessee,Food,2,2.0,0.0,2007 8 Tennessee,O157:H7,160,41235,0.897,0.851,85,65
331,2015,8,Tennessee,Food,90,0.0,0.0,2015 8 Tennessee,unknown,160,41235,0.897,0.851,85,65
332,2015,8,Tennessee,Food,90,0.0,0.0,2015 8 Tennessee,unknown,160,41235,0.897,0.851,85,65
333,2015,11,Tennessee,Food,13,0.0,0.0,2015 11 Tennessee,O157:H7,160,41235,0.897,0.851,52,35
334,2011,3,Missouri,Other,3,0.0,0.0,2011 3 Missouri,O157:H7,88,68742,0.91,0.871,67,44
335,2012,3,Missouri,Food,19,5.0,0.0,2012 3 Missouri,O157:H7,88,68742,0.91,0.871,67,44
336,2014,3,Missouri,Other,5,1.0,0.0,2014 3 Missouri,O157:H7,88,68742,0.91,0.871,67,44
337,2011,6,Missouri,Other,8,1.0,0.0,2011 6 Missouri,O157:H7,88,68742,0.91,0.871,88,68
338,2011,6,Missouri,Other,8,1.0,0.0,2011 6 Missouri,O45,88,68742,0.91,0.871,88,68
339,2013,6,Missouri,Food,6,4.0,0.0,2013 6 Missouri,O157:H7,88,68742,0.91,0.871,88,68
340,2013,6,Missouri,Other,10,4.0,0.0,2013 6 Missouri,O111,88,68742,0.91,0.871,88,68
341,2016,6,Missouri,Other,13,1.0,0.0,2016 6 Missouri,O157:H7,88,68742,0.91,0.871,88,68
342,2016,6,Missouri,Other,13,1.0,0.0,2016 6 Missouri,O111,88,68742,0.91,0.871,88,68
343,2016,6,Missouri,Other,4,0.0,0.0,2016 6 Missouri,O111,88,68742,0.91,0.871,88,68
344,2011,9,Missouri,Other,4,2.0,0.0,2011 9 Missouri,O157:H7,88,68742,0.91,0.871,69,45
345,2012,9,Missouri,Other,8,4.0,0.0,2012 9 Missouri,O157:H7,88,68742,0.91,0.871,69,45
346,2016,9,Missouri,Other,26,1.0,0.0,2016 9 Missouri,O157:H7,88,68742,0.91,0.871,69,45
347,2012,8,Missouri,Other,12,7.0,0.0,2012 8 Missouri,O157:H7,88,68742,0.91,0.871,80,57
348,2013,8,Missouri,Food,3,2.0,0.0,2013 8 Missouri,O157:H7,88,68742,0.91,0.871,80,57
349,2016,8,Missouri,Other,6,3.0,0.0,2016 8 Missouri,O157:H7,88,68742,0.91,0.871,80,57
350,2012,7,Missouri,Food,11,0.0,0.0,2012 7 Missouri,Muenchen,88,68742,0.91,0.871,88,66
351,2012,7,Missouri,Food,11,0.0,0.0,2012 7 Missouri,unknown,88,68742,0.91,0.871,88,66
352,2009,5,Missouri,Other,12,2.0,0.0,2009 5 Missouri,O157:H7,88,68742,0.91,0.871,83,64
353,2008,4,Missouri,Food,4,2.0,0.0,2008 4 Missouri,O157:H7,88,68742,0.91,0.871,75,54
354,2003,4,Missouri,Food,3,3.0,0.0,2003 4 Missouri,O157:H7,88,68742,0.91,0.871,75,54
355,2010,4,Missouri,Other,28,4.0,0.0,2010 4 Missouri,O157:H7,88,68742,0.91,0.871,75,54
356,2000,1,Missouri,Food,8,2.0,0.0,2000 1 Missouri,O157:H7,88,68742,0.91,0.871,45,25
357,2015,10,Missouri,Food,6,0.0,0.0,2015 10 Missouri,O157:H7,88,68742,0.91,0.871,56,35
358,2010,11,Missouri,Other,11,3.0,1.0,2010 11 Missouri,unknown,88,68742,0.91,0.871,43,24
359,2010,11,Missouri,Other,11,3.0,1.0,2010 11 Missouri,O157:H7,88,68742,0.91,0.871,43,24
360,2011,6,Alabama,Other,19,3.0,0.0,2011 6 Alabama,O157:H7,95,50645,0.882,0.839,92,71
361,2011,6,Alabama,Other,19,3.0,0.0,2011 6 Alabama,unknown,95,50645,0.882,0.839,92,71
362,2007,6,Alabama,Food,26,11.0,1.0,2007 6 Alabama,O157:H7,95,50645,0.882,0.839,92,71
363,2007,7,Alabama,Food,4,3.0,0.0,2007 7 Alabama,O157:H7,95,50645,0.882,0.839,92,71
364,2008,2,Alabama,Food,17,7.0,0.0,2008 2 Alabama,O157:H7,95,50645,0.882,0.839,70,45
365,2017,10,Alabama,Food,90,0.0,0.0,2017 10 Alabama,unknown,95,50645,0.882,0.839,69,44
366,2017,10,Alabama,Food,90,0.0,0.0,2017 10 Alabama,unknown,95,50645,0.882,0.839,69,44
367,2017,10,Alabama,Other,28,0.0,0.0,2017 10 Alabama,unknown,95,50645,0.882,0.839,69,44
368,2017,10,Alabama,Other,28,0.0,0.0,2017 10 Alabama,,95,50645,0.882,0.839,69,44
369,2017,10,Alabama,Other,6,0.0,0.0,2017 10 Alabama,unknown,95,50645,0.882,0.839,69,44
370,2010,10,Maryland,Food,7,4.0,0.0,2010 10 Maryland,O157:H7,618,9707,0.94,0.885,58.0,43.0
371,2016,10,Maryland,Food,5,1.0,0.0,2016 10 Maryland,O157:H7,618,9707,0.94,0.885,58.0,43.0
372,2017,10,Maryland,Other,3,1.0,0.0,2017 10 Maryland,O157:H7,618,9707,0.94,0.885,58.0,43.0
373,2012,7,Maryland,Food,7,2.0,0.0,2012 7 Maryland,O157:H7,618,9707,0.94,0.885,87.0,71.0
374,2008,7,Maryland,Food,9,0.0,0.0,2008 7 Maryland,O157:NM,618,9707,0.94,0.885,87.0,71.0
375,2008,7,Maryland,Food,9,0.0,0.0,2008 7 Maryland,(H-),618,9707,0.94,0.885,87.0,71.0
376,2015,7,Maryland,Food,9,6.0,0.0,2015 7 Maryland,O157,618,9707,0.94,0.885,87.0,71.0
377,2009,11,Maryland,Food,12,0.0,0.0,2009 11 Maryland,unknown,618,9707,0.94,0.885,46.0,33.0
378,2009,11,Maryland,Food,12,0.0,0.0,2009 11 Maryland,unknown,618,9707,0.94,0.885,46.0,33.0
379,2017,11,Maryland,Other,178,0.0,0.0,2017 11 Maryland,GI.P6,618,9707,0.94,0.885,46.0,33.0
380,2017,11,Maryland,Other,178,0.0,0.0,2017 11 Maryland,-,618,9707,0.94,0.885,46.0,33.0
381,2017,11,Maryland,Other,178,0.0,0.0,2017 11 Maryland,GI.6,618,9707,0.94,0.885,46.0,33.0
382,2017,11,Maryland,Other,178,0.0,0.0,2017 11 Maryland,,618,9707,0.94,0.885,46.0,33.0
383,2017,11,Maryland,Other,178,0.0,0.0,2017 11 Maryland,unknown,618,9707,0.94,0.885,46.0,33.0
384,1998,8,Maryland,Food,6,2.0,0.0,1998 8 Maryland,O157:H7,618,9707,0.94,0.885,80.0,64.0
385,2002,6,Maryland,Food,5,0.0,0.0,2002 6 Maryland,O157:H7,618,9707,0.94,0.885,89.0,73.0
386,2015,5,Maryland,Other,23,4.0,0.0,2015 5 Maryland,O157:H7,618,9707,0.94,0.885,85.0,67.0
387,2015,9,Maryland,Other,3,2.0,0.0,2015 9 Maryland,O157,618,9707,0.94,0.885,68.0,52.0
388,2011,6,Washington,Other,6,1.0,0.0,2011 6 Washington,O157:H7,107,66456,0.945,0.904,76.0,56.0
389,2013,6,Washington,Other,12,2.0,0.0,2013 6 Washington,O157:H7,107,66456,0.945,0.904,76.0,56.0
390,1999,6,Washington,Food,5,2.0,,1999 6 Washington,O157:H7,107,66456,0.945,0.904,76.0,56.0
391,2010,6,Washington,Other,24,0.0,0.0,2010 6 Washington,O26:H11,107,66456,0.945,0.904,76.0,56.0
392,2010,6,Washington,Other,24,0.0,0.0,2010 6 Washington,O26:NM,107,66456,0.945,0.904,76.0,56.0
393,2008,6,Washington,Food,2,0.0,0.0,2008 6 Washington,O157:H7,107,66456,0.945,0.904,76.0,56.0
394,2011,8,Washington,Food,3,3.0,0.0,2011 8 Washington,O157:H7,107,66456,0.945,0.904,71.0,52.0
395,2004,8,Washington,Food,6,3.0,0.0,2004 8 Washington,O157:H7,107,66456,0.945,0.904,71.0,52.0
396,2004,8,Washington,Food,3,3.0,0.0,2004 8 Washington,O157:H7,107,66456,0.945,0.904,71.0,52.0
397,2010,8,Washington,Other,3,2.0,0.0,2010 8 Washington,O157:H7,107,66456,0.945,0.904,71.0,52.0
398,2015,8,Washington,Food,13,5.0,0.0,2015 8 Washington,O157,107,66456,0.945,0.904,71.0,52.0
399,2015,8,Washington,Food,2,0.0,0.0,2015 8 Washington,O121,107,66456,0.945,0.904,71.0,52.0
400,2016,8,Washington,Food,9,3.0,0.0,2016 8 Washington,O157:H7,107,66456,0.945,0.904,71.0,52.0
401,2016,8,Washington,Food,2,0.0,0.0,2016 8 Washington,O157:H7,107,66456,0.945,0.904,71.0,52.0
402,2017,8,Washington,Other,3,2.0,0.0,2017 8 Washington,O157:H7,107,66456,0.945,0.904,71.0,52.0
403,2009,5,Washington,Food,5,2.0,0.0,2009 5 Washington,O157:H7,107,66456,0.945,0.904,70.0,52.0
404,2014,5,Washington,Other,27,0.0,0.0,2014 5 Washington,O26,107,66456,0.945,0.904,70.0,52.0
405,2003,5,Washington,Food,3,0.0,0.0,2003 5 Washington,O157:H7,107,66456,0.945,0.904,70.0,52.0
406,2004,5,Washington,Food,3,2.0,0.0,2004 5 Washington,O157:H7,107,66456,0.945,0.904,70.0,52.0
407,2005,5,Washington,Food,3,1.0,0.0,2005 5 Washington,O157:H7,107,66456,0.945,0.904,70.0,52.0
408,2008,5,Washington,Food,10,5.0,0.0,2008 5 Washington,O157:H7,107,66456,0.945,0.904,70.0,52.0
409,2010,5,Washington,Food,2,1.0,0.0,2010 5 Washington,O157:H7,107,66456,0.945,0.904,70.0,52.0
410,2012,10,Washington,Other,4,2.0,0.0,2012 10 Washington,O157:H7,107,66456,0.945,0.904,51.0,40.0
411,2012,10,Washington,Other,4,2.0,0.0,2012 10 Washington,O121,107,66456,0.945,0.904,51.0,40.0
412,1998,10,Washington,Food,11,1.0,0.0,1998 10 Washington,O157:H7,107,66456,0.945,0.904,51.0,40.0
413,2004,10,Washington,Food,4,,,2004 10 Washington,O157:H7,107,66456,0.945,0.904,51.0,40.0
414,2005,10,Washington,Food,9,1.0,0.0,2005 10 Washington,O157:H7,107,66456,0.945,0.904,51.0,40.0
415,2008,10,Washington,Food,68,4.0,0.0,2008 10 Washington,O157:H7,107,66456,0.945,0.904,51.0,40.0
416,2012,7,Washington,Other,2,1.0,0.0,2012 7 Washington,O157:H7,107,66456,0.945,0.904,76.0,56.0
417,2009,7,Washington,Other,12,2.0,0.0,2009 7 Washington,O157:H7,107,66456,0.945,0.904,76.0,56.0
418,2000,7,Washington,Food,18,2.0,0.0,2000 7 Washington,O103,107,66456,0.945,0.904,76.0,56.0
419,2002,7,Washington,Food,55,,0.0,2002 7 Washington,O157:H7,107,66456,0.945,0.904,76.0,56.0
420,2003,7,Washington,Food,5,1.0,0.0,2003 7 Washington,O157:H7,107,66456,0.945,0.904,76.0,56.0
421,2015,7,Washington,Food,5,3.0,0.0,2015 7 Washington,O157:H7,107,66456,0.945,0.904,76.0,56.0
422,2009,9,Washington,Food,3,0.0,0.0,2009 9 Washington,O157:H7,107,66456,0.945,0.904,60.0,46.0
423,2009,9,Washington,Food,3,0.0,0.0,2009 9 Washington,O121,107,66456,0.945,0.904,60.0,46.0
424,2009,9,Washington,Food,4,1.0,0.0,2009 9 Washington,O157:H7,107,66456,0.945,0.904,60.0,46.0
425,2009,9,Washington,Food,2,1.0,0.0,2009 9 Washington,O157:H7,107,66456,0.945,0.904,60.0,46.0
426,1998,9,Washington,Food,8,,,1998 9 Washington,O157:H7,107,66456,0.945,0.904,60.0,46.0
427,1998,9,Washington,Food,4,1.0,0.0,1998 9 Washington,O157:H7,107,66456,0.945,0.904,60.0,46.0
428,2001,9,Washington,Food,14,0.0,0.0,2001 9 Washington,O157:H7,107,66456,0.945,0.904,60.0,46.0
429,2005,9,Washington,Food,4,2.0,0.0,2005 9 Washington,O157:H7,107,66456,0.945,0.904,60.0,46.0
430,2005,9,Washington,Food,2,2.0,0.0,2005 9 Washington,O157:H7,107,66456,0.945,0.904,60.0,46.0
431,2005,9,Washington,Food,14,5.0,2.0,2005 9 Washington,O157:H7,107,66456,0.945,0.904,60.0,46.0
432,2006,9,Washington,Food,2,1.0,0.0,2006 9 Washington,O157:H7,107,66456,0.945,0.904,60.0,46.0
433,2016,9,Washington,Food,4,1.0,0.0,2016 9 Washington,O157:NM,107,66456,0.945,0.904,60.0,46.0
434,2016,9,Washington,Food,4,1.0,0.0,2016 9 Washington,(H-),107,66456,0.945,0.904,60.0,46.0
435,2013,2,Washington,Food,3,2.0,0.0,2013 2 Washington,O157:H7,107,66456,0.945,0.904,54.0,39.0
436,2010,2,Washington,Food,6,0.0,0.0,2010 2 Washington,O26:H11,107,66456,0.945,0.904,54.0,39.0
437,2002,11,Washington,Food,4,1.0,0.0,2002 11 Washington,O157:H7,107,66456,0.945,0.904,46.0,36.0
438,2004,3,Washington,Food,2,2.0,0.0,2004 3 Washington,O157:H7,107,66456,0.945,0.904,58.0,42.0
439,2010,3,Washington,Other,21,4.0,1.0,2010 3 Washington,O157:H7,107,66456,0.945,0.904,58.0,42.0
440,2015,4,Washington,Other,40,7.0,0.0,2015 4 Washington,O157:H7,107,66456,0.945,0.904,65.0,47.0
441,2009,3,Michigan,Food,4,1.0,0.0,2009 3 Michigan,O157:H7,175,56539,0.9159999999999999,0.877,58,37
442,2014,3,Michigan,Food,2,0.0,0.0,2014 3 Michigan,O157:H7,175,56539,0.9159999999999999,0.877,58,37
443,2016,3,Michigan,Food,7,1.0,0.0,2016 3 Michigan,other,175,56539,0.9159999999999999,0.877,58,37
444,2016,3,Michigan,Food,7,1.0,0.0,2016 3 Michigan,unknown,175,56539,0.9159999999999999,0.877,58,37
445,2011,7,Michigan,Food,12,8.0,0.0,2011 7 Michigan,O157:NM,175,56539,0.9159999999999999,0.877,80,59
446,2011,7,Michigan,Food,12,8.0,0.0,2011 7 Michigan,(H-),175,56539,0.9159999999999999,0.877,80,59
447,2004,7,Michigan,Food,3,2.0,0.0,2004 7 Michigan,O157:H7,175,56539,0.9159999999999999,0.877,80,59
448,2015,7,Michigan,Food,3,3.0,0.0,2015 7 Michigan,O157:H7,175,56539,0.9159999999999999,0.877,80,59
449,2011,8,Michigan,Other,3,1.0,0.0,2011 8 Michigan,O157:NM,175,56539,0.9159999999999999,0.877,73,51
450,2011,8,Michigan,Other,3,1.0,0.0,2011 8 Michigan,(H-),175,56539,0.9159999999999999,0.877,73,51
451,2012,8,Michigan,Food,90,10.0,0.0,2012 8 Michigan,O157:H7,175,56539,0.9159999999999999,0.877,73,51
452,2016,8,Michigan,Food,4,2.0,0.0,2016 8 Michigan,O157:H7,175,56539,0.9159999999999999,0.877,73,51
453,2012,10,Michigan,Food,3,0.0,0.0,2012 10 Michigan,O157:NM,175,56539,0.9159999999999999,0.877,47,32
454,2012,10,Michigan,Food,3,0.0,0.0,2012 10 Michigan,(H-),175,56539,0.9159999999999999,0.877,47,32
455,2015,10,Michigan,Food,2,0.0,0.0,2015 10 Michigan,O45,175,56539,0.9159999999999999,0.877,47,32
456,2013,4,Michigan,Food,20,7.0,0.0,2013 4 Michigan,O157:H7,175,56539,0.9159999999999999,0.877,69,47
457,2000,4,Michigan,Food,4,3.0,0.0,2000 4 Michigan,O157:H7,175,56539,0.9159999999999999,0.877,69,47
458,2013,9,Michigan,Other,4,0.0,0.0,2013 9 Michigan,O26,175,56539,0.9159999999999999,0.877,60,41
459,2003,9,Michigan,Food,10,3.0,0.0,2003 9 Michigan,O157:H7,175,56539,0.9159999999999999,0.877,60,41
460,1998,11,Michigan,Food,4,,,1998 11 Michigan,O157:H7,175,56539,0.9159999999999999,0.877,34,22
461,2011,6,Michigan,Food,16,0.0,0.0,2011 6 Michigan,O45,175,56539,0.9159999999999999,0.877,82,61
462,2011,7,Minnesota,Food,6,1.0,0.0,2011 7 Minnesota,O157:H7,68,79627,0.95,0.901,82,62
463,2011,7,Minnesota,Other,4,0.0,0.0,2011 7 Minnesota,O157:H7,68,79627,0.95,0.901,82,62
464,2011,7,Minnesota,Other,3,1.0,0.0,2011 7 Minnesota,O26,68,79627,0.95,0.901,82,62
465,2012,7,Minnesota,Other,10,0.0,0.0,2012 7 Minnesota,O157:H7,68,79627,0.95,0.901,82,62
466,2012,7,Minnesota,Other,12,1.0,0.0,2012 7 Minnesota,O157:H7,68,79627,0.95,0.901,82,62
467,2012,7,Minnesota,Other,10,1.0,0.0,2012 7 Minnesota,O111:NM,68,79627,0.95,0.901,82,62
468,2012,7,Minnesota,Other,10,1.0,0.0,2012 7 Minnesota,IIaA15G2R2,68,79627,0.95,0.901,82,62
469,2012,7,Minnesota,Other,52,2.0,0.0,2012 7 Minnesota,O157:H7,68,79627,0.95,0.901,82,62
470,2012,7,Minnesota,Other,8,0.0,0.0,2012 7 Minnesota,Other,68,79627,0.95,0.901,82,62
471,2013,7,Minnesota,Other,3,1.0,0.0,2013 7 Minnesota,O157:H7,68,79627,0.95,0.901,82,62
472,2014,7,Minnesota,Food,57,9.0,0.0,2014 7 Minnesota,O157:H7,68,79627,0.95,0.901,82,62
473,2014,7,Minnesota,Other,15,0.0,0.0,2014 7 Minnesota,O157:H7,68,79627,0.95,0.901,82,62
474,2014,7,Minnesota,Other,11,0.0,0.0,2014 7 Minnesota,O121,68,79627,0.95,0.901,82,62
475,2010,7,Minnesota,Food,11,4.0,0.0,2010 7 Minnesota,O157:H7,68,79627,0.95,0.901,82,62
476,2004,7,Minnesota,Food,70,1.0,0.0,2004 7 Minnesota,O157:H7,68,79627,0.95,0.901,82,62
477,2006,7,Minnesota,Food,17,9.0,1.0,2006 7 Minnesota,O157:H7,68,79627,0.95,0.901,82,62
478,2007,7,Minnesota,Food,26,2.0,0.0,2007 7 Minnesota,O157:H7,68,79627,0.95,0.901,82,62
479,2015,7,Minnesota,Other,5,0.0,0.0,2015 7 Minnesota,O157,68,79627,0.95,0.901,82,62
480,2016,7,Minnesota,Other,8,0.0,0.0,2016 7 Minnesota,O157:NM,68,79627,0.95,0.901,82,62
481,2016,7,Minnesota,Other,8,0.0,0.0,2016 7 Minnesota,(H-),68,79627,0.95,0.901,82,62
482,2016,7,Minnesota,Other,8,0.0,0.0,2016 7 Minnesota,O111,68,79627,0.95,0.901,82,62
483,2016,7,Minnesota,Other,8,0.0,0.0,2016 7 Minnesota,O145,68,79627,0.95,0.901,82,62
484,2016,7,Minnesota,Other,8,0.0,0.0,2016 7 Minnesota,unknown,68,79627,0.95,0.901,82,62
485,2016,7,Minnesota,Other,10,2.0,0.0,2016 7 Minnesota,O157:H7,68,79627,0.95,0.901,82,62
486,2010,7,Minnesota,Other,5,4.0,0.0,2010 7 Minnesota,O157:H7,68,79627,0.95,0.901,82,62
487,2017,7,Minnesota,Other,5,0.0,0.0,2017 7 Minnesota,unknown,68,79627,0.95,0.901,82,62
488,2017,7,Minnesota,Other,21,2.0,0.0,2017 7 Minnesota,O111,68,79627,0.95,0.901,82,62
489,2017,7,Minnesota,Other,21,2.0,0.0,2017 7 Minnesota,O26,68,79627,0.95,0.901,82,62
490,2011,8,Minnesota,Other,2,0.0,0.0,2011 8 Minnesota,O157:H7,68,79627,0.95,0.901,73,53
491,2009,8,Minnesota,Food,6,1.0,0.0,2009 8 Minnesota,O157:H7,68,79627,0.95,0.901,73,53
492,2009,8,Minnesota,Food,3,1.0,0.0,2009 8 Minnesota,O157:H7,68,79627,0.95,0.901,73,53
493,2012,8,Minnesota,Other,6,1.0,0.0,2012 8 Minnesota,O157:H7,68,79627,0.95,0.901,73,53
494,2012,8,Minnesota,Other,5,1.0,0.0,2012 8 Minnesota,O157:H7,68,79627,0.95,0.901,73,53
495,2012,8,Minnesota,Other,4,1.0,0.0,2012 8 Minnesota,O157:H7,68,79627,0.95,0.901,73,53
496,2012,8,Minnesota,Other,3,0.0,0.0,2012 8 Minnesota,O157:H7,68,79627,0.95,0.901,73,53
497,2009,8,Minnesota,Other,3,2.0,0.0,2009 8 Minnesota,O157:H7,68,79627,0.95,0.901,73,53
498,2013,8,Minnesota,Food,7,2.0,0.0,2013 8 Minnesota,O157:H7,68,79627,0.95,0.901,73,53
499,2013,8,Minnesota,Other,11,5.0,0.0,2013 8 Minnesota,O157:H7,68,79627,0.95,0.901,73,53
500,2014,8,Minnesota,Other,2,0.0,0.0,2014 8 Minnesota,O157,68,79627,0.95,0.901,73,53
501,2000,8,Minnesota,Food,3,0.0,0.0,2000 8 Minnesota,O157:H7,68,79627,0.95,0.901,73,53
502,1998,8,Minnesota,Food,5,0.0,0.0,1998 8 Minnesota,O169:H41,68,79627,0.95,0.901,73,53
503,1998,8,Minnesota,Food,66,0.0,0.0,1998 8 Minnesota,O6:H16,68,79627,0.95,0.901,73,53
504,2001,8,Minnesota,Food,5,5.0,0.0,2001 8 Minnesota,O157:H7,68,79627,0.95,0.901,73,53
505,2006,8,Minnesota,Food,3,1.0,0.0,2006 8 Minnesota,O157:H7,68,79627,0.95,0.901,73,53
506,2015,8,Minnesota,Other,4,1.0,0.0,2015 8 Minnesota,O157:H7,68,79627,0.95,0.901,73,53
507,2015,8,Minnesota,Other,2,1.0,0.0,2015 8 Minnesota,O157:H7,68,79627,0.95,0.901,73,53
508,2017,8,Minnesota,Other,3,0.0,0.0,2017 8 Minnesota,unknown,68,79627,0.95,0.901,73,53
509,2011,9,Minnesota,Other,2,1.0,0.0,2011 9 Minnesota,O157:H7,68,79627,0.95,0.901,59,41
510,2009,9,Minnesota,Other,2,0.0,0.0,2009 9 Minnesota,O157:H7,68,79627,0.95,0.901,59,41
511,2013,9,Minnesota,Other,2,1.0,0.0,2013 9 Minnesota,O157:H7,68,79627,0.95,0.901,59,41
512,2015,9,Minnesota,Food,7,0.0,0.0,2015 9 Minnesota,O157,68,79627,0.95,0.901,59,41
513,2017,9,Minnesota,Food,11,4.0,0.0,2017 9 Minnesota,O157:H7,68,79627,0.95,0.901,59,41
514,2017,9,Minnesota,Food,11,4.0,0.0,2017 9 Minnesota,O91:H14,68,79627,0.95,0.901,59,41
515,2011,10,Minnesota,Food,14,0.0,0.0,2011 10 Minnesota,O111:NM,68,79627,0.95,0.901,42,27
516,2012,10,Minnesota,Other,3,0.0,0.0,2012 10 Minnesota,O157:H7,68,79627,0.95,0.901,42,27
517,2013,10,Minnesota,Other,7,2.0,0.0,2013 10 Minnesota,O157:H7,68,79627,0.95,0.901,42,27
518,2013,10,Minnesota,Other,2,2.0,0.0,2013 10 Minnesota,O157:H7,68,79627,0.95,0.901,42,27
519,2013,10,Minnesota,Other,2,0.0,0.0,2013 10 Minnesota,O157:H7,68,79627,0.95,0.901,42,27
520,2014,10,Minnesota,Food,3,1.0,0.0,2014 10 Minnesota,O121,68,79627,0.95,0.901,42,27
521,2015,10,Minnesota,Food,2,1.0,0.0,2015 10 Minnesota,O157,68,79627,0.95,0.901,42,27
522,2015,10,Minnesota,Food,3,0.0,0.0,2015 10 Minnesota,O157,68,79627,0.95,0.901,42,27
523,2013,5,Minnesota,Other,3,0.0,0.0,2013 5 Minnesota,O103,68,79627,0.95,0.901,80,59
524,2010,5,Minnesota,Food,8,5.0,0.0,2010 5 Minnesota,O157:H7,68,79627,0.95,0.901,80,59
525,2016,5,Minnesota,Other,2,0.0,0.0,2016 5 Minnesota,O145,68,79627,0.95,0.901,80,59
526,2016,5,Minnesota,Other,4,0.0,0.0,2016 5 Minnesota,O26,68,79627,0.95,0.901,80,59
527,2016,5,Minnesota,Other,3,0.0,0.0,2016 5 Minnesota,O157:H7,68,79627,0.95,0.901,80,59
528,2017,5,Minnesota,Other,12,0.0,0.0,2017 5 Minnesota,O121,68,79627,0.95,0.901,80,59
529,2013,6,Minnesota,Other,2,0.0,0.0,2013 6 Minnesota,O157:H7,68,79627,0.95,0.901,85,64
530,2013,6,Minnesota,Other,2,0.0,0.0,2013 6 Minnesota,O157:H7,68,79627,0.95,0.901,85,64
531,2009,6,Minnesota,Food,4,0.0,0.0,2009 6 Minnesota,O157:H7,68,79627,0.95,0.901,85,64
532,2014,6,Minnesota,Food,15,4.0,0.0,2014 6 Minnesota,O111,68,79627,0.95,0.901,85,64
533,1999,6,Minnesota,Food,5,1.0,0.0,1999 6 Minnesota,O157:H7,68,79627,0.95,0.901,85,64
534,2009,6,Minnesota,Food,2,1.0,0.0,2009 6 Minnesota,O157:H7,68,79627,0.95,0.901,85,64
535,2009,6,Minnesota,Food,16,3.0,0.0,2009 6 Minnesota,O157:H7,68,79627,0.95,0.901,85,64
536,2007,6,Minnesota,Food,3,3.0,0.0,2007 6 Minnesota,O157:H7,68,79627,0.95,0.901,85,64
537,2015,6,Minnesota,Food,2,1.0,0.0,2015 6 Minnesota,O157,68,79627,0.95,0.901,85,64
538,2015,6,Minnesota,Other,15,2.0,0.0,2015 6 Minnesota,O157,68,79627,0.95,0.901,85,64
539,2017,6,Minnesota,Other,8,0.0,0.0,2017 6 Minnesota,O157:H7,68,79627,0.95,0.901,85,64
540,2017,6,Minnesota,Other,8,0.0,0.0,2017 6 Minnesota,O157:H7,68,79627,0.95,0.901,85,64
541,2013,11,Minnesota,Other,5,2.0,0.0,2013 11 Minnesota,O157:H7,68,79627,0.95,0.901,29,13
542,2014,11,Minnesota,Food,3,0.0,0.0,2014 11 Minnesota,O111,68,79627,0.95,0.901,29,13
543,2014,11,Minnesota,Other,2,0.0,0.0,2014 11 Minnesota,O111,68,79627,0.95,0.901,29,13
544,2010,11,Minnesota,Food,29,2.0,0.0,2010 11 Minnesota,O103:H2,68,79627,0.95,0.901,29,13
545,2010,11,Minnesota,Food,29,2.0,0.0,2010 11 Minnesota,O145:NM,68,79627,0.95,0.901,29,13
546,2014,4,Minnesota,Food,4,0.0,0.0,2014 4 Minnesota,O126,68,79627,0.95,0.901,71,50
547,2000,3,Minnesota,Food,18,2.0,0.0,2000 3 Minnesota,O157:H7,68,79627,0.95,0.901,58,38
548,2007,3,Minnesota,Food,10,7.0,0.0,2007 3 Minnesota,O157:H7,68,79627,0.95,0.901,58,38
549,2017,3,Minnesota,Other,5,0.0,0.0,2017 3 Minnesota,41,68,79627,0.95,0.901,58,38
550,2017,3,Minnesota,Other,5,0.0,0.0,2017 3 Minnesota,unknown,68,79627,0.95,0.901,58,38
551,2011,7,Pennsylvania,Other,16,9.0,0.0,2011 7 Pennsylvania,O157:H7,286,44743,0.927,0.874,85,68
552,2012,7,Pennsylvania,Other,2,2.0,0.0,2012 7 Pennsylvania,O157:H7,286,44743,0.927,0.874,85,68
553,2012,7,Pennsylvania,Other,7,1.0,0.0,2012 7 Pennsylvania,O157:H7,286,44743,0.927,0.874,85,68
554,2013,7,Pennsylvania,Other,5,0.0,0.0,2013 7 Pennsylvania,O111,286,44743,0.927,0.874,85,68
555,2010,7,Pennsylvania,Other,2,1.0,0.0,2010 7 Pennsylvania,O157:H7,286,44743,0.927,0.874,85,68
556,2010,7,Pennsylvania,Other,2,1.0,0.0,2010 7 Pennsylvania,O157:NM,286,44743,0.927,0.874,85,68
557,2010,7,Pennsylvania,Other,2,1.0,0.0,2010 7 Pennsylvania,(H-),286,44743,0.927,0.874,85,68
558,2010,7,Pennsylvania,Other,2,0.0,0.0,2010 7 Pennsylvania,unknown,286,44743,0.927,0.874,85,68
559,2011,8,Pennsylvania,Other,3,3.0,0.0,2011 8 Pennsylvania,O157:H7,286,44743,0.927,0.874,78,60
560,2012,8,Pennsylvania,Food,3,0.0,0.0,2012 8 Pennsylvania,O157:H7,286,44743,0.927,0.874,78,60
561,2013,8,Pennsylvania,Food,15,10.0,0.0,2013 8 Pennsylvania,O157:H7,286,44743,0.927,0.874,78,60
562,2015,8,Pennsylvania,Other,3,3.0,0.0,2015 8 Pennsylvania,O157:H7,286,44743,0.927,0.874,78,60
563,2016,8,Pennsylvania,Food,5,3.0,0.0,2016 8 Pennsylvania,O157:H7,286,44743,0.927,0.874,78,60
564,2017,8,Pennsylvania,Other,7,0.0,0.0,2017 8 Pennsylvania,O111,286,44743,0.927,0.874,78,60
565,2012,9,Pennsylvania,Other,5,0.0,0.0,2012 9 Pennsylvania,O45:H2,286,44743,0.927,0.874,67,48
566,2012,9,Pennsylvania,Food,9,7.0,0.0,2012 9 Pennsylvania,O157:H7,286,44743,0.927,0.874,67,48
567,2013,9,Pennsylvania,Other,3,1.0,0.0,2013 9 Pennsylvania,O157:H7,286,44743,0.927,0.874,67,48
568,2013,9,Pennsylvania,Other,2,0.0,0.0,2013 9 Pennsylvania,O103:H2,286,44743,0.927,0.874,67,48
569,2001,9,Pennsylvania,Food,15,4.0,0.0,2001 9 Pennsylvania,O157:H7,286,44743,0.927,0.874,67,48
570,2017,9,Pennsylvania,Other,4,2.0,0.0,2017 9 Pennsylvania,O45:H2,286,44743,0.927,0.874,67,48
571,2017,9,Pennsylvania,Other,3,1.0,0.0,2017 9 Pennsylvania,O157:H7,286,44743,0.927,0.874,67,48
572,2012,11,Pennsylvania,Food,3,3.0,0.0,2012 11 Pennsylvania,O157:H7,286,44743,0.927,0.874,45,30
573,2013,5,Pennsylvania,Other,2,1.0,0.0,2013 5 Pennsylvania,O157:H7,286,44743,0.927,0.874,83,64
574,2000,5,Pennsylvania,Food,6,3.0,0.0,2000 5 Pennsylvania,O157:H7,286,44743,0.927,0.874,83,64
575,2001,5,Pennsylvania,Food,7,1.0,0.0,2001 5 Pennsylvania,O157:H7,286,44743,0.927,0.874,83,64
576,2013,10,Pennsylvania,Other,2,0.0,0.0,2013 10 Pennsylvania,O157:H7,286,44743,0.927,0.874,56,39
577,2013,10,Pennsylvania,Food,24,8.0,0.0,2013 10 Pennsylvania,O157:H7,286,44743,0.927,0.874,56,39
578,2013,10,Pennsylvania,Other,3,3.0,0.0,2013 10 Pennsylvania,O157:H7,286,44743,0.927,0.874,56,39
579,2013,10,Pennsylvania,Other,2,2.0,0.0,2013 10 Pennsylvania,O157:H7,286,44743,0.927,0.874,56,39
580,2013,10,Pennsylvania,Other,6,3.0,0.0,2013 10 Pennsylvania,O157:H7,286,44743,0.927,0.874,56,39
581,2015,10,Pennsylvania,Other,2,0.0,0.0,2015 10 Pennsylvania,unknown,286,44743,0.927,0.874,56,39
582,2007,3,Pennsylvania,Food,8,3.0,0.0,2007 3 Pennsylvania,O157:H7,286,44743,0.927,0.874,64,44
583,2007,3,Pennsylvania,Food,8,6.0,0.0,2007 3 Pennsylvania,O157:H7,286,44743,0.927,0.874,64,44
584,2007,6,Pennsylvania,Food,2,0.0,0.0,2007 6 Pennsylvania,O157:H7,286,44743,0.927,0.874,87,69
585,2015,6,Pennsylvania,Other,3,0.0,0.0,2015 6 Pennsylvania,O26:H11,286,44743,0.927,0.874,87,69
586,2016,6,Pennsylvania,Other,4,0.0,0.0,2016 6 Pennsylvania,O111,286,44743,0.927,0.874,87,69
587,2016,6,Pennsylvania,Other,4,0.0,0.0,2016 6 Pennsylvania,O103:H2,286,44743,0.927,0.874,87,69
588,2015,4,Pennsylvania,Other,2,0.0,0.0,2015 4 Pennsylvania,O111,286,44743,0.927,0.874,74,54
589,2017,2,Pennsylvania,Other,3,0.0,0.0,2017 2 Pennsylvania,O45:H2,286,44743,0.927,0.874,53,34
590,2017,1,Pennsylvania,Other,4,0.0,0.0,2017 1 Pennsylvania,unknown,286,44743,0.927,0.874,44,28
591,2011,6,New Hampshire,Other,2,0.0,0.0,2011 6 New Hampshire,O111,148,8953,0.9470000000000001,0.898,82,58
592,2011,8,Utah,Other,56,2.0,0.0,2011 8 Utah,O157:H7,36,82170,0.934,0.896,78.0,58.0
593,2011,8,Utah,Other,56,2.0,0.0,2011 8 Utah,O121,36,82170,0.934,0.896,78.0,58.0
594,2012,8,Utah,Other,9,3.0,0.0,2012 8 Utah,O157:H7,36,82170,0.934,0.896,78.0,58.0
595,2009,7,Utah,Other,21,4.0,0.0,2009 7 Utah,O157:H7,36,82170,0.934,0.896,89.0,67.0
596,2014,7,Utah,Other,3,3.0,0.0,2014 7 Utah,O157:H7,36,82170,0.934,0.896,89.0,67.0
597,2006,7,Utah,Food,3,,,2006 7 Utah,O121,36,82170,0.934,0.896,89.0,67.0
598,1998,7,Utah,Food,10,5.0,0.0,1998 7 Utah,O157:H7,36,82170,0.934,0.896,89.0,67.0
599,2017,7,Utah,Other,3,1.0,0.0,2017 7 Utah,O157:H7,36,82170,0.934,0.896,89.0,67.0
600,2014,11,Utah,Food,4,0.0,0.0,2014 11 Utah,O26,36,82170,0.934,0.896,40.0,27.0
601,2010,6,Utah,Food,4,0.0,0.0,2010 6 Utah,O157:H7,36,82170,0.934,0.896,90.0,69.0
602,2017,6,Utah,Other,6,3.0,0.0,2017 6 Utah,O157:H7,36,82170,0.934,0.896,90.0,69.0
603,2010,5,North Carolina,Other,2,,0.0,2010 5 North Carolina,O157:H7,206,48618,0.909,0.861,86,65
604,1999,5,North Carolina,Food,2,,,1999 5 North Carolina,O157:H7,206,48618,0.909,0.861,86,65
605,1999,5,North Carolina,Food,2,,,1999 5 North Carolina,O157:H7,206,48618,0.909,0.861,86,65
606,2007,5,North Carolina,Food,22,8.0,1.0,2007 5 North Carolina,O157:H7,206,48618,0.909,0.861,86,65
607,2011,10,North Carolina,Other,25,8.0,0.0,2011 10 North Carolina,O157:H7,206,48618,0.909,0.861,62,39
608,2006,10,North Carolina,Food,5,3.0,0.0,2006 10 North Carolina,O157:H7,206,48618,0.909,0.861,62,39
609,2012,9,North Carolina,Other,105,11.0,1.0,2012 9 North Carolina,O157:H7,206,48618,0.909,0.861,72,49
610,2007,9,North Carolina,Food,17,1.0,0.0,2007 9 North Carolina,O157:H7,206,48618,0.909,0.861,72,49
611,1999,8,North Carolina,Food,3,,,1999 8 North Carolina,O157:H7,206,48618,0.909,0.861,81,60
612,1999,7,North Carolina,Food,3,,,1999 7 North Carolina,O157:H7,206,48618,0.909,0.861,87,67
613,1999,7,North Carolina,Food,7,,,1999 7 North Carolina,O157:H7,206,48618,0.909,0.861,87,67
614,1998,7,North Carolina,Food,143,,,1998 7 North Carolina,O157:H7,206,48618,0.909,0.861,87,67
615,2008,7,North Carolina,Food,5,0.0,0.0,2008 7 North Carolina,O157:H7,206,48618,0.909,0.861,87,67
616,2000,6,North Carolina,Food,4,,,2000 6 North Carolina,O157:H7,206,48618,0.909,0.861,89,68
617,2001,11,North Carolina,Food,202,11.0,0.0,2001 11 North Carolina,O157:H7,206,48618,0.909,0.861,53,32
618,2006,11,North Carolina,Food,9,,,2006 11 North Carolina,O157:H7,206,48618,0.909,0.861,53,32
619,2015,3,North Carolina,Other,20,1.0,0.0,2015 3 North Carolina,O103,206,48618,0.909,0.861,72,47
620,2010,8,Maine,Food,3,1.0,0.0,2010 8 Maine,O157:H7,43,30843,0.919,0.876,70,51
621,2000,8,Maine,Food,2,1.0,0.0,2000 8 Maine,O157:H7,43,30843,0.919,0.876,70,51
622,2011,5,Maine,Food,2,2.0,0.0,2011 5 Maine,O26:NM,43,30843,0.919,0.876,74,54
623,1998,9,Maine,Food,2,2.0,0.0,1998 9 Maine,O157:H7,43,30843,0.919,0.876,57,40
624,2015,9,Maine,Other,2,2.0,1.0,2015 9 Maine,O111:NM,43,30843,0.919,0.876,57,40
625,1998,7,Maine,Food,2,2.0,0.0,1998 7 Maine,O157:H7,43,30843,0.919,0.876,78,58
626,2006,7,Maine,Food,5,2.0,0.0,2006 7 Maine,O157:H7,43,30843,0.919,0.876,78,58
627,2007,3,Maine,Food,8,0.0,0.0,2007 3 Maine,O111,43,30843,0.919,0.876,53,35
628,2011,9,Kansas,Food,2,2.0,0.0,2011 9 Kansas,O157:H7,36,81759,0.9259999999999999,0.887,68,45
629,2011,9,Kansas,Food,4,3.0,0.0,2011 9 Kansas,O26,36,81759,0.9259999999999999,0.887,68,45
630,2014,9,Kansas,Other,2,0.0,0.0,2014 9 Kansas,O157,36,81759,0.9259999999999999,0.887,68,45
631,2007,9,Kansas,Food,8,1.0,0.0,2007 9 Kansas,O157:NM,36,81759,0.9259999999999999,0.887,68,45
632,2007,9,Kansas,Food,8,1.0,0.0,2007 9 Kansas,(H-),36,81759,0.9259999999999999,0.887,68,45
633,2016,9,Kansas,Food,56,10.0,0.0,2016 9 Kansas,O157:H7,36,81759,0.9259999999999999,0.887,68,45
634,2017,9,Kansas,Other,6,5.0,0.0,2017 9 Kansas,O157,36,81759,0.9259999999999999,0.887,68,45
635,2017,9,Kansas,Other,4,0.0,0.0,2017 9 Kansas,O121,36,81759,0.9259999999999999,0.887,68,45
636,2012,11,Kansas,Other,3,3.0,0.0,2012 11 Kansas,O157:H7,36,81759,0.9259999999999999,0.887,42,22
637,2013,11,Kansas,Other,2,2.0,1.0,2013 11 Kansas,O157:H7,36,81759,0.9259999999999999,0.887,42,22
638,2012,10,Kansas,Other,4,0.0,0.0,2012 10 Kansas,O26,36,81759,0.9259999999999999,0.887,55,33
639,2015,10,Kansas,Other,2,0.0,0.0,2015 10 Kansas,O157:H7,36,81759,0.9259999999999999,0.887,55,33
640,2017,10,Kansas,Other,8,0.0,0.0,2017 10 Kansas,O26,36,81759,0.9259999999999999,0.887,55,33
641,2014,5,Kansas,Other,4,2.0,0.0,2014 5 Kansas,O157:H7,36,81759,0.9259999999999999,0.887,85,64
642,2014,5,Kansas,Other,9,1.0,0.0,2014 5 Kansas,O157:H7,36,81759,0.9259999999999999,0.887,85,64
643,2002,7,Kansas,Food,2,1.0,0.0,2002 7 Kansas,O157:H7,36,81759,0.9259999999999999,0.887,89,66
644,2015,8,Kansas,Other,12,0.0,0.0,2015 8 Kansas,O103,36,81759,0.9259999999999999,0.887,80,56
645,2016,8,Kansas,Other,125,0.0,0.0,2016 8 Kansas,unknown,36,81759,0.9259999999999999,0.887,80,56
646,2017,8,Kansas,Other,14,3.0,0.0,2017 8 Kansas,O124,36,81759,0.9259999999999999,0.887,80,56
647,2011,9,Georgia,Other,3,1.0,0.0,2011 9 Georgia,O157:H7,177,57513,0.9059999999999999,0.862,73,54
648,2013,9,Georgia,Food,2,0.0,0.0,2013 9 Georgia,O157:H7,177,57513,0.9059999999999999,0.862,73,54
649,2007,9,Georgia,Food,6,3.0,0.0,2007 9 Georgia,O157:H7,177,57513,0.9059999999999999,0.862,73,54
650,2012,5,Georgia,Other,7,1.0,0.0,2012 5 Georgia,O157:H7,177,57513,0.9059999999999999,0.862,86,68
651,2013,5,Georgia,Food,19,7.0,0.0,2013 5 Georgia,O157:H7,177,57513,0.9059999999999999,0.862,86,68
652,2001,10,Georgia,Food,28,,0.0,2001 10 Georgia,O157:H7,177,57513,0.9059999999999999,0.862,64,43
653,2002,6,Georgia,Food,7,3.0,0.0,2002 6 Georgia,O157:H7,177,57513,0.9059999999999999,0.862,90,72
654,2008,6,Georgia,Food,12,10.0,0.0,2008 6 Georgia,O157:H7,177,57513,0.9059999999999999,0.862,90,72
655,2004,4,Georgia,Food,2,0.0,0.0,2004 4 Georgia,O157:NM,177,57513,0.9059999999999999,0.862,81,61
656,2004,4,Georgia,Food,2,0.0,0.0,2004 4 Georgia,(H-),177,57513,0.9059999999999999,0.862,81,61
657,2005,8,Georgia,Food,6,1.0,0.0,2005 8 Georgia,O157:H7,177,57513,0.9059999999999999,0.862,82,64
658,2010,8,Georgia,Food,16,7.0,0.0,2010 8 Georgia,O157:H7,177,57513,0.9059999999999999,0.862,82,64
659,2016,8,Georgia,Food,4,2.0,0.0,2016 8 Georgia,O157:H7,177,57513,0.9059999999999999,0.862,82,64
660,2013,6,Virginia,Other,5,0.0,0.0,2013 6 Virginia,O26:NM,212,39490,0.9329999999999999,0.882,90.0,69.0
661,2014,6,Virginia,Other,5,4.0,0.0,2014 6 Virginia,O157:H7,212,39490,0.9329999999999999,0.882,90.0,69.0
662,2017,6,Virginia,Other,4,2.0,0.0,2017 6 Virginia,O157:NM,212,39490,0.9329999999999999,0.882,90.0,69.0
663,2017,6,Virginia,Other,4,2.0,0.0,2017 6 Virginia,(H-),212,39490,0.9329999999999999,0.882,90.0,69.0
664,1998,5,Virginia,Food,8,,,1998 5 Virginia,O157:H7,212,39490,0.9329999999999999,0.882,86.0,65.0
665,1998,5,Virginia,Food,5,,,1998 5 Virginia,O157:H7,212,39490,0.9329999999999999,0.882,86.0,65.0
666,2015,5,Virginia,Other,4,0.0,0.0,2015 5 Virginia,O103:H2,212,39490,0.9329999999999999,0.882,86.0,65.0
667,2017,5,Virginia,Other,20,0.0,0.0,2017 5 Virginia,O157:H7,212,39490,0.9329999999999999,0.882,86.0,65.0
668,2017,5,Virginia,Other,20,0.0,0.0,2017 5 Virginia,O26,212,39490,0.9329999999999999,0.882,86.0,65.0
669,2017,5,Virginia,Other,20,0.0,0.0,2017 5 Virginia,unknown,212,39490,0.9329999999999999,0.882,86.0,65.0
670,2017,5,Virginia,Other,20,0.0,0.0,2017 5 Virginia,,212,39490,0.9329999999999999,0.882,86.0,65.0
671,2017,5,Virginia,Other,2,1.0,0.0,2017 5 Virginia,O157,212,39490,0.9329999999999999,0.882,86.0,65.0
672,2001,8,Virginia,Food,8,0.0,0.0,2001 8 Virginia,O157:H7,212,39490,0.9329999999999999,0.882,81.0,60.0
673,2003,3,Virginia,Food,6,3.0,0.0,2003 3 Virginia,O157:H7,212,39490,0.9329999999999999,0.882,70.0,46.0
674,2016,3,Virginia,Food,14,7.0,0.0,2016 3 Virginia,O157:H7,212,39490,0.9329999999999999,0.882,70.0,46.0
675,2016,3,Virginia,Food,14,7.0,0.0,2016 3 Virginia,other,212,39490,0.9329999999999999,0.882,70.0,46.0
676,2016,3,Virginia,Food,14,7.0,0.0,2016 3 Virginia,other,212,39490,0.9329999999999999,0.882,70.0,46.0
677,2008,7,Virginia,Food,59,9.0,0.0,2008 7 Virginia,O157:H7,212,39490,0.9329999999999999,0.882,88.0,67.0
678,2017,7,Virginia,Other,4,3.0,0.0,2017 7 Virginia,O157:H7,212,39490,0.9329999999999999,0.882,88.0,67.0
679,2009,7,South Dakota,Other,11,4.0,0.0,2009 7 South Dakota,O111,11,75811,0.9309999999999999,0.870,82,57
680,2011,6,Texas,Other,56,1.0,,2011 6 Texas,subgroup,105,261232,0.914,0.868,96,74
681,2011,6,Texas,Other,56,1.0,,2011 6 Texas,D,105,261232,0.914,0.868,96,74
682,2011,6,Texas,Other,56,1.0,,2011 6 Texas,,105,261232,0.914,0.868,96,74
683,1998,6,Texas,Food,23,,,1998 6 Texas,O157:H7,105,261232,0.914,0.868,96,74
684,1999,6,Texas,Food,55,,0.0,1999 6 Texas,O111,105,261232,0.914,0.868,96,74
685,2000,6,Texas,Food,45,0.0,0.0,2000 6 Texas,O157:H7,105,261232,0.914,0.868,96,74
686,2017,6,Texas,Other,2,1.0,1.0,2017 6 Texas,O157:H7,105,261232,0.914,0.868,96,74
687,2012,4,Texas,Food,30,1.0,0.0,2012 4 Texas,O157:H7,105,261232,0.914,0.868,87,67
688,2000,4,Texas,Food,15,,0.0,2000 4 Texas,O157:H7,105,261232,0.914,0.868,87,67
689,2000,4,Texas,Food,13,,,2000 4 Texas,O157:H7,105,261232,0.914,0.868,87,67
690,2009,7,Texas,Food,58,0.0,0.0,2009 7 Texas,unknown,105,261232,0.914,0.868,97,75
691,2017,7,Texas,Food,4,0.0,0.0,2017 7 Texas,unknown,105,261232,0.914,0.868,97,75
692,1999,5,Texas,Food,10,,,1999 5 Texas,O157:H7,105,261232,0.914,0.868,92,72
693,2017,5,Texas,Food,4,2.0,0.0,2017 5 Texas,O157:H7,105,261232,0.914,0.868,92,72
694,2017,5,Texas,Food,4,2.0,0.0,2017 5 Texas,other,105,261232,0.914,0.868,92,72
695,2017,5,Texas,Food,4,2.0,0.0,2017 5 Texas,O157:H7,105,261232,0.914,0.868,92,72
696,2017,5,Texas,Other,2,0.0,0.0,2017 5 Texas,O157:H7,105,261232,0.914,0.868,92,72
697,2001,11,Texas,Food,20,2.0,0.0,2001 11 Texas,O157:H7,105,261232,0.914,0.868,63,42
698,2003,11,Texas,Food,12,2.0,0.0,2003 11 Texas,O157:H7,105,261232,0.914,0.868,63,42
699,2017,11,Texas,Other,3,1.0,0.0,2017 11 Texas,O157,105,261232,0.914,0.868,63,42
700,2015,3,Texas,Food,4,0.0,0.0,2015 3 Texas,unknown,105,261232,0.914,0.868,80,59
701,2017,3,Texas,Other,4,0.0,0.0,2017 3 Texas,Other,105,261232,0.914,0.868,80,59
702,2017,1,Texas,Other,4,1.0,0.0,2017 1 Texas,O157:H7,105,261232,0.914,0.868,65,45
703,2017,9,Texas,Other,3,1.0,0.0,2017 9 Texas,O157:H7,105,261232,0.914,0.868,82,61
704,2011,11,Kentucky,Other,2,0.0,0.0,2011 11 Kentucky,O157:H7,112,39486,0.8859999999999999,0.843,44,26
705,2012,8,Kentucky,Other,7,0.0,0.0,2012 8 Kentucky,O26,112,39486,0.8859999999999999,0.843,79,55
706,2012,10,Kentucky,Other,4,0.0,0.0,2012 10 Kentucky,O157:H7,112,39486,0.8859999999999999,0.843,55,34
707,2012,9,Kentucky,Other,2,2.0,0.0,2012 9 Kentucky,O157:H7,112,39486,0.8859999999999999,0.843,68,42
708,2013,9,Kentucky,Other,3,2.0,0.0,2013 9 Kentucky,O157:H7,112,39486,0.8859999999999999,0.843,68,42
709,2013,9,Kentucky,Other,3,3.0,0.0,2013 9 Kentucky,O157:H7,112,39486,0.8859999999999999,0.843,68,42
710,2014,9,Kentucky,Food,4,4.0,0.0,2014 9 Kentucky,O157:H7,112,39486,0.8859999999999999,0.843,68,42
711,2012,4,Kentucky,Other,4,3.0,0.0,2012 4 Kentucky,O157:H7,112,39486,0.8859999999999999,0.843,75,49
712,2016,4,Kentucky,Other,15,0.0,0.0,2016 4 Kentucky,unknown,112,39486,0.8859999999999999,0.843,75,49
713,2013,6,Kentucky,Other,9,2.0,0.0,2013 6 Kentucky,O157:H7,112,39486,0.8859999999999999,0.843,87,63
714,2013,6,Kentucky,Other,2,1.0,1.0,2013 6 Kentucky,O157:H7,112,39486,0.8859999999999999,0.843,87,63
715,2015,1,Kentucky,Food,2,2.0,0.0,2015 1 Kentucky,O157,112,39486,0.8859999999999999,0.843,45,23
716,2012,4,South Carolina,Food,10,3.0,0.0,2012 4 South Carolina,O157:H7,162,30061,0.894,0.846,84.0,60.0
717,2009,11,South Carolina,Other,4,0.0,0.0,2009 11 South Carolina,O157,162,30061,0.894,0.846,58.0,35.0
718,2007,7,South Carolina,Food,10,1.0,0.0,2007 7 South Carolina,O157:H7,162,30061,0.894,0.846,91.0,71.0
719,2015,5,South Carolina,Other,12,5.0,1.0,2015 5 South Carolina,O157:H7,162,30061,0.894,0.846,90.0,68.0
720,2015,9,South Carolina,Other,14,0.0,0.0,2015 9 South Carolina,unknown,162,30061,0.894,0.846,76.0,52.0
721,2015,9,South Carolina,Other,14,0.0,0.0,2015 9 South Carolina,Newport,162,30061,0.894,0.846,76.0,52.0
722,2016,3,South Carolina,Other,2,2.0,0.0,2016 3 South Carolina,other,162,30061,0.894,0.846,76.0,50.0
723,2017,10,South Carolina,Other,7,0.0,0.0,2017 10 South Carolina,unknown,162,30061,0.894,0.846,67.0,42.0
724,2017,10,South Carolina,Other,7,0.0,0.0,2017 10 South Carolina,unknown,162,30061,0.894,0.846,67.0,42.0
725,2017,10,South Carolina,Food,34,0.0,0.0,2017 10 South Carolina,unknown,162,30061,0.894,0.846,67.0,42.0
726,2017,10,South Carolina,Food,34,0.0,0.0,2017 10 South Carolina,unknown,162,30061,0.894,0.846,67.0,42.0
727,2017,10,South Carolina,Food,34,0.0,0.0,2017 10 South Carolina,unknown,162,30061,0.894,0.846,67.0,42.0
728,2012,7,Illinois,Other,7,0.0,0.0,2012 7 Illinois,O111,231,55519,0.9329999999999999,0.883,82.0,66.0
729,2001,7,Illinois,Food,19,8.0,0.0,2001 7 Illinois,O157:H7,231,55519,0.9329999999999999,0.883,82.0,66.0
730,2015,7,Illinois,Food,10,1.0,0.0,2015 7 Illinois,O157:H7,231,55519,0.9329999999999999,0.883,82.0,66.0
731,2015,7,Illinois,Food,10,1.0,0.0,2015 7 Illinois,Typhimurium,231,55519,0.9329999999999999,0.883,82.0,66.0
732,2015,7,Illinois,Food,10,1.0,0.0,2015 7 Illinois,Enteritidis,231,55519,0.9329999999999999,0.883,82.0,66.0
733,2009,9,Illinois,Food,4,2.0,0.0,2009 9 Illinois,O157:H7,231,55519,0.9329999999999999,0.883,63.0,46.0
734,1999,9,Illinois,Food,321,17.0,0.0,1999 9 Illinois,O157:H7,231,55519,0.9329999999999999,0.883,63.0,46.0
735,2001,9,Illinois,Food,8,4.0,0.0,2001 9 Illinois,O157:H7,231,55519,0.9329999999999999,0.883,63.0,46.0
736,2007,9,Illinois,Food,10,7.0,0.0,2007 9 Illinois,O157:H7,231,55519,0.9329999999999999,0.883,63.0,46.0
737,2013,5,Illinois,Food,51,10.0,0.0,2013 5 Illinois,O157:H7,231,55519,0.9329999999999999,0.883,81.0,63.0
738,2001,5,Illinois,Food,2,,,2001 5 Illinois,O157:H7,231,55519,0.9329999999999999,0.883,81.0,63.0
739,2005,5,Illinois,Food,21,0.0,0.0,2005 5 Illinois,O169:H41,231,55519,0.9329999999999999,0.883,81.0,63.0
740,2015,5,Illinois,Food,10,0.0,0.0,2015 5 Illinois,O157:H7,231,55519,0.9329999999999999,0.883,81.0,63.0
741,2017,5,Illinois,Food,11,1.0,0.0,2017 5 Illinois,O145,231,55519,0.9329999999999999,0.883,81.0,63.0
742,2017,5,Illinois,Food,11,1.0,0.0,2017 5 Illinois,O111,231,55519,0.9329999999999999,0.883,81.0,63.0
743,1998,6,Illinois,Food,916,7.0,0.0,1998 6 Illinois,O6,231,55519,0.9329999999999999,0.883,84.0,68.0
744,2002,6,Illinois,Food,4,3.0,0.0,2002 6 Illinois,O157:H7,231,55519,0.9329999999999999,0.883,84.0,68.0
745,2006,6,Illinois,Food,2,2.0,0.0,2006 6 Illinois,O157:H7,231,55519,0.9329999999999999,0.883,84.0,68.0
746,2008,6,Illinois,Food,2,1.0,0.0,2008 6 Illinois,O157:H7,231,55519,0.9329999999999999,0.883,84.0,68.0
747,2016,6,Illinois,Food,96,19.0,0.0,2016 6 Illinois,O157:H7,231,55519,0.9329999999999999,0.883,84.0,68.0
748,2002,3,Illinois,Food,17,5.0,0.0,2002 3 Illinois,O157:H7,231,55519,0.9329999999999999,0.883,59.0,41.0
749,2015,3,Illinois,Food,7,0.0,0.0,2015 3 Illinois,GII.4,231,55519,0.9329999999999999,0.883,59.0,41.0
750,2015,3,Illinois,Food,7,0.0,0.0,2015 3 Illinois,Sydney,231,55519,0.9329999999999999,0.883,59.0,41.0
751,2003,8,Illinois,Food,30,3.0,0.0,2003 8 Illinois,O157:H7,231,55519,0.9329999999999999,0.883,75.0,57.0
752,2004,8,Illinois,Food,6,2.0,0.0,2004 8 Illinois,O157:H7,231,55519,0.9329999999999999,0.883,75.0,57.0
753,2003,11,Illinois,Food,3,1.0,0.0,2003 11 Illinois,O157:H7,231,55519,0.9329999999999999,0.883,36.0,23.0
754,2012,4,California,Food,12,1.0,0.0,2012 4 California,O157:H7,251,"155,959[5]",0.934,0.882,80,51
755,2002,4,California,Food,26,5.0,0.0,2002 4 California,O157:H7,251,"155,959[5]",0.934,0.882,80,51
756,2002,4,California,Food,9,3.0,,2002 4 California,O157:H7,251,"155,959[5]",0.934,0.882,80,51
757,2017,4,California,Food,9,4.0,0.0,2017 4 California,O157:H7,251,"155,959[5]",0.934,0.882,80,51
758,2011,8,California,Food,5,3.0,0.0,2011 8 California,O157:H7,251,"155,959[5]",0.934,0.882,87,56
759,2013,8,California,Food,22,7.0,0.0,2013 8 California,O157:H7,251,"155,959[5]",0.934,0.882,87,56
760,1998,8,California,Food,2,2.0,0.0,1998 8 California,O157:H7,251,"155,959[5]",0.934,0.882,87,56
761,2002,8,California,Food,16,2.0,,2002 8 California,O157:H7,251,"155,959[5]",0.934,0.882,87,56
762,2002,8,California,Food,9,3.0,,2002 8 California,O157:H7,251,"155,959[5]",0.934,0.882,87,56
763,2003,8,California,Food,18,6.0,2.0,2003 8 California,O157:H7,251,"155,959[5]",0.934,0.882,87,56
764,2004,8,California,Food,8,5.0,0.0,2004 8 California,O157:H7,251,"155,959[5]",0.934,0.882,87,56
765,2013,7,California,Food,5,5.0,0.0,2013 7 California,O157:H7,251,"155,959[5]",0.934,0.882,91,58
766,1998,7,California,Food,28,17.0,0.0,1998 7 California,O157:H7,251,"155,959[5]",0.934,0.882,91,58
767,2002,7,California,Food,5,3.0,0.0,2002 7 California,O157:H7,251,"155,959[5]",0.934,0.882,91,58
768,2002,7,California,Food,2,1.0,1.0,2002 7 California,O157:H7,251,"155,959[5]",0.934,0.882,91,58
769,2007,7,California,Food,76,1.0,0.0,2007 7 California,other,251,"155,959[5]",0.934,0.882,91,58
770,2008,7,California,Food,5,4.0,2.0,2008 7 California,O157:H7,251,"155,959[5]",0.934,0.882,91,58
771,2013,10,California,Food,8,1.0,0.0,2013 10 California,O157:H7,251,"155,959[5]",0.934,0.882,64,43
772,2000,10,California,Food,14,8.0,0.0,2000 10 California,O157:H7,251,"155,959[5]",0.934,0.882,64,43
773,1998,10,California,Food,39,1.0,0.0,1998 10 California,O157:H7,251,"155,959[5]",0.934,0.882,64,43
774,2003,10,California,Food,16,10.0,1.0,2003 10 California,O157:H7,251,"155,959[5]",0.934,0.882,64,43
775,2015,10,California,Food,15,1.0,0.0,2015 10 California,O111:NM,251,"155,959[5]",0.934,0.882,64,43
776,2017,10,California,Food,244,29.0,0.0,2017 10 California,O26,251,"155,959[5]",0.934,0.882,64,43
777,2017,10,California,Food,244,29.0,0.0,2017 10 California,O157,251,"155,959[5]",0.934,0.882,64,43
778,2014,3,California,Food,2,1.0,0.0,2014 3 California,O157:H7,251,"155,959[5]",0.934,0.882,71,46
779,1999,3,California,Food,245,0.0,0.0,1999 3 California,unknown,251,"155,959[5]",0.934,0.882,71,46
780,2003,3,California,Food,6,3.0,0.0,2003 3 California,O157:H7,251,"155,959[5]",0.934,0.882,71,46
781,2007,3,California,Food,52,6.0,0.0,2007 3 California,O157:H7,251,"155,959[5]",0.934,0.882,71,46
782,1998,6,California,Food,8,2.0,0.0,1998 6 California,O157:NM,251,"155,959[5]",0.934,0.882,92,58
783,1998,6,California,Food,8,2.0,0.0,1998 6 California,(H-),251,"155,959[5]",0.934,0.882,92,58
784,2006,6,California,Food,2,0.0,0.0,2006 6 California,unknown,251,"155,959[5]",0.934,0.882,92,58
785,2010,1,California,Food,19,0.0,0.0,2010 1 California,O6:H16,251,"155,959[5]",0.934,0.882,60,41
786,2016,1,California,Food,10,4.0,0.0,2016 1 California,O157:H7,251,"155,959[5]",0.934,0.882,60,41
787,1998,5,California,Food,3,1.0,0.0,1998 5 California,O157:H7,251,"155,959[5]",0.934,0.882,87,56
788,2002,5,California,Food,48,0.0,0.0,2002 5 California,O157:NM,251,"155,959[5]",0.934,0.882,87,56
789,2002,5,California,Food,48,0.0,0.0,2002 5 California,(H-),251,"155,959[5]",0.934,0.882,87,56
790,2002,5,California,Food,8,5.0,0.0,2002 5 California,O157:H7,251,"155,959[5]",0.934,0.882,87,56
791,2007,5,California,Food,124,8.0,0.0,2007 5 California,O157:H7,251,"155,959[5]",0.934,0.882,87,56
792,2009,9,California,Food,3,2.0,0.0,2009 9 California,O157:H7,251,"155,959[5]",0.934,0.882,78,50
793,2003,9,California,Food,51,11.0,0.0,2003 9 California,O157:H7,251,"155,959[5]",0.934,0.882,78,50
794,2004,9,California,Food,62,1.0,0.0,2004 9 California,other,251,"155,959[5]",0.934,0.882,78,50
795,2006,9,California,Food,6,3.0,0.0,2006 9 California,O157:H7,251,"155,959[5]",0.934,0.882,78,50
796,2007,9,California,Food,5,2.0,0.0,2007 9 California,O157:H7,251,"155,959[5]",0.934,0.882,78,50
797,2008,9,California,Food,27,5.0,0.0,2008 9 California,O157:H7,251,"155,959[5]",0.934,0.882,78,50
798,2008,9,California,Food,3,1.0,0.0,2008 9 California,O157:H7,251,"155,959[5]",0.934,0.882,78,50
799,2008,2,California,Food,2,0.0,0.0,2008 2 California,O157:H7,251,"155,959[5]",0.934,0.882,65,44
800,2010,2,California,Food,7,0.0,0.0,2010 2 California,O157:H7,251,"155,959[5]",0.934,0.882,65,44
801,2012,8,Wyoming,Other,3,3.0,0.0,2012 8 Wyoming,O157:H7,6,97093,0.937,0.896,72.0,45.0
802,2017,8,Wyoming,Food,3,2.0,0.0,2017 8 Wyoming,O145,6,97093,0.937,0.896,72.0,45.0
803,2013,2,Wyoming,Other,2,0.0,0.0,2013 2 Wyoming,O157:H7,6,97093,0.937,0.896,47.0,24.0
804,2000,10,Wyoming,Food,2,1.0,0.0,2000 10 Wyoming,O157:H7,6,97093,0.937,0.896,47.0,24.0
805,2000,6,Wyoming,Food,3,0.0,0.0,2000 6 Wyoming,O157:H7,6,97093,0.937,0.896,83.0,56.0
806,2009,7,Wyoming,Food,2,0.0,0.0,2009 7 Wyoming,O111,6,97093,0.937,0.896,81.0,54.0
807,2015,4,Wyoming,Other,9,0.0,0.0,2015 4 Wyoming,unknown,6,97093,0.937,0.896,65.0,40.0
808,2015,4,Wyoming,Other,9,0.0,0.0,2015 4 Wyoming,,6,97093,0.937,0.896,65.0,40.0
809,2012,7,Montana,Other,2,1.0,0.0,2012 7 Montana,O157:H7,7,145546,0.9229999999999999,0.876,85,52
810,2016,7,Montana,Food,38,6.0,0.0,2016 7 Montana,O157:H7,7,145546,0.9229999999999999,0.876,85,52
811,2013,3,Montana,Food,3,0.0,0.0,2013 3 Montana,O157:H7,7,145546,0.9229999999999999,0.876,58,32
812,2014,8,Montana,Other,3,3.0,0.0,2014 8 Montana,O145,7,145546,0.9229999999999999,0.876,73,43
813,1998,10,Montana,Food,40,,,1998 10 Montana,O121,7,145546,0.9229999999999999,0.876,43,22
814,2012,8,Iowa,Other,4,0.0,0.0,2012 8 Iowa,O157:H7,55,55857,0.9309999999999999,0.885,76.0,55.0
815,2000,7,Iowa,Food,56,4.0,,2000 7 Iowa,O157:H7,55,55857,0.9309999999999999,0.885,84.0,65.0
816,2010,7,Iowa,Other,7,0.0,0.0,2010 7 Iowa,O157:H7,55,55857,0.9309999999999999,0.885,84.0,65.0
817,2002,6,Iowa,Food,5,1.0,0.0,2002 6 Iowa,O157:H7,55,55857,0.9309999999999999,0.885,86.0,67.0
818,2016,6,Iowa,Food,10,0.0,0.0,2016 6 Iowa,O111,55,55857,0.9309999999999999,0.885,86.0,67.0
819,2016,6,Iowa,Other,7,0.0,0.0,2016 6 Iowa,O157:H7,55,55857,0.9309999999999999,0.885,86.0,67.0
820,2017,6,Iowa,Other,6,0.0,0.0,2017 6 Iowa,O157:H7,55,55857,0.9309999999999999,0.885,86.0,67.0
821,2008,10,Iowa,Food,5,2.0,0.0,2008 10 Iowa,O157:H7,55,55857,0.9309999999999999,0.885,48.0,31.0
822,2017,9,Iowa,Other,5,2.0,0.0,2017 9 Iowa,O157:H7,55,55857,0.9309999999999999,0.885,63.0,43.0
823,2012,9,Oklahoma,Other,3,2.0,0.0,2012 9 Oklahoma,O157:H7,57,68595,0.899,0.858,73,52
824,1999,10,Oklahoma,Food,25,6.0,0.0,1999 10 Oklahoma,O157:H7,57,68595,0.899,0.858,62,40
825,2010,10,Oklahoma,Other,3,2.0,0.0,2010 10 Oklahoma,O157:H7,57,68595,0.899,0.858,62,40
826,1998,7,Oklahoma,Food,21,1.0,0.0,1998 7 Oklahoma,O157:H7,57,68595,0.899,0.858,93,71
827,2008,8,Oklahoma,Food,344,71.0,1.0,2008 8 Oklahoma,O111,57,68595,0.899,0.858,85,63
828,2014,3,Oklahoma,Other,11,,0.0,2014 3 Oklahoma,O157:H7,57,68595,0.899,0.858,72,50
829,2010,11,Oklahoma,Food,21,0.0,0.0,2010 11 Oklahoma,O157:H7,57,68595,0.899,0.858,51,31
830,2010,11,Oklahoma,Food,21,0.0,0.0,2010 11 Oklahoma,O84:NM,57,68595,0.899,0.858,51,31
831,2012,11,Mississippi,Other,12,1.0,0.0,2012 11 Mississippi,O157,63,46923,0.866,0.825,58,37
832,2013,9,Florida,Food,7,5.0,0.0,2013 9 Florida,O157:H7,378,53625,0.9129999999999999,0.873,81,57
833,2014,11,Florida,Food,2,0.0,0.0,2014 11 Florida,unknown,378,53625,0.9129999999999999,0.873,65,41
834,1998,11,Florida,Food,21,5.0,0.0,1998 11 Florida,O157:H7,378,53625,0.9129999999999999,0.873,65,41
835,1999,6,Florida,Food,17,7.0,0.0,1999 6 Florida,O157:H7,378,53625,0.9129999999999999,0.873,92,72
836,2003,6,Florida,Food,2,,,2003 6 Florida,O157,378,53625,0.9129999999999999,0.873,92,72
837,2000,10,Florida,Food,7,,,2000 10 Florida,O157,378,53625,0.9129999999999999,0.873,73,47
838,2000,10,Florida,Food,2,1.0,,2000 10 Florida,O157:H7,378,53625,0.9129999999999999,0.873,73,47
839,1998,10,Florida,Food,16,1.0,0.0,1998 10 Florida,O157:H7,378,53625,0.9129999999999999,0.873,73,47
840,2007,10,Florida,Food,2,,,2007 10 Florida,O157:H7,378,53625,0.9129999999999999,0.873,73,47
841,1999,8,Florida,Food,2,0.0,0.0,1999 8 Florida,O157:H7,378,53625,0.9129999999999999,0.873,88,68
842,2002,8,Florida,Food,2,2.0,0.0,2002 8 Florida,O157:H7,378,53625,0.9129999999999999,0.873,88,68
843,2002,8,Florida,Food,2,1.0,0.0,2002 8 Florida,O157,378,53625,0.9129999999999999,0.873,88,68
844,2002,8,Florida,Food,2,1.0,0.0,2002 8 Florida,O157,378,53625,0.9129999999999999,0.873,88,68
845,2004,4,Florida,Food,3,,,2004 4 Florida,O157:H7,378,53625,0.9129999999999999,0.873,87,62
846,2007,1,Florida,Food,2,2.0,0.0,2007 1 Florida,O157:H7,378,53625,0.9129999999999999,0.873,67,42
847,2009,5,Florida,Food,30,0.0,0.0,2009 5 Florida,O157:H7,378,53625,0.9129999999999999,0.873,91,69
848,2013,6,Nevada,Other,16,0.0,0.0,2013 6 Nevada,O26,26,109781,0.907,0.881,90,52
849,1998,10,Nevada,Food,14,,0.0,1998 10 Nevada,O157:H7,26,109781,0.907,0.881,54,27
850,2015,10,Nevada,Food,25,11.0,0.0,2015 10 Nevada,O157:H7,26,109781,0.907,0.881,54,27
851,2001,7,Nevada,Food,3,3.0,0.0,2001 7 Nevada,O157:H7,26,109781,0.907,0.881,88,51
852,2015,7,Nevada,Food,3,3.0,0.0,2015 7 Nevada,O157:H7,26,109781,0.907,0.881,88,51
853,2001,9,Nevada,Food,9,0.0,0.0,2001 9 Nevada,O157:H7,26,109781,0.907,0.881,68,35
854,2013,4,Indiana,Other,4,0.0,0.0,2013 4 Indiana,O26,184,35826,0.91,0.869,73,50
855,2013,9,Indiana,Other,4,2.0,0.0,2013 9 Indiana,O157:H7,184,35826,0.91,0.869,65,42
856,2015,9,Indiana,Other,5,0.0,0.0,2015 9 Indiana,O111,184,35826,0.91,0.869,65,42
857,2014,6,Indiana,Other,3,0.0,0.0,2014 6 Indiana,Other,184,35826,0.91,0.869,85,63
858,2009,6,Indiana,Other,3,1.0,0.0,2009 6 Indiana,O157:H7,184,35826,0.91,0.869,85,63
859,2014,7,Indiana,Other,3,0.0,0.0,2014 7 Indiana,O157:H7,184,35826,0.91,0.869,83,61
860,2015,7,Indiana,Other,7,3.0,1.0,2015 7 Indiana,O157:H7,184,35826,0.91,0.869,83,61
861,2015,7,Indiana,Other,7,3.0,1.0,2015 7 Indiana,unknown,184,35826,0.91,0.869,83,61
862,2014,5,Indiana,Other,7,1.0,0.0,2014 5 Indiana,O157:H7,184,35826,0.91,0.869,82,59
863,1998,5,Indiana,Food,27,6.0,0.0,1998 5 Indiana,O157:H7,184,35826,0.91,0.869,82,59
864,2000,10,Indiana,Food,6,5.0,0.0,2000 10 Indiana,O157:H7,184,35826,0.91,0.869,52,33
865,2015,11,Indiana,Other,2,1.0,0.0,2015 11 Indiana,O26,184,35826,0.91,0.869,39,23
866,2013,2,Hawaii,Food,8,4.0,0.0,2013 2 Hawaii,O157:H7,222,6423,0.943,0.902,81.0,68.0
867,2010,3,Hawaii,Food,7,4.0,0.0,2010 3 Hawaii,O157,222,6423,0.943,0.902,83.0,69.0
868,2007,3,Hawaii,Food,8,5.0,0.0,2007 3 Hawaii,O157:H7,222,6423,0.943,0.902,83.0,69.0
869,2016,8,Hawaii,Other,4,0.0,0.0,2016 8 Hawaii,O157:H7,222,6423,0.943,0.902,89.0,74.0
870,2014,4,Arkansas,Other,2,0.0,0.0,2014 4 Arkansas,O111,57,52035,0.883,0.839,81.0,61.0
871,2000,5,Arkansas,Food,36,14.0,0.0,2000 5 Arkansas,O157:H7,57,52035,0.883,0.839,89.0,69.0
872,2010,6,Arkansas,Other,5,3.0,0.0,2010 6 Arkansas,O157:H7,57,52035,0.883,0.839,92.0,73.0
873,2005,1,Arkansas,Food,3,3.0,0.0,2005 1 Arkansas,O157:H7,57,52035,0.883,0.839,55.0,35.0
874,2015,3,Arkansas,Other,2,1.0,0.0,2015 3 Arkansas,O157:H7,57,52035,0.883,0.839,73.0,51.0
875,2014,4,New Mexico,Food,4,2.0,0.0,2014 4 New Mexico,O26,17,121298,0.904,0.870,74,41
876,2014,10,New Mexico,Other,5,2.0,0.0,2014 10 New Mexico,O157:H7,17,121298,0.904,0.870,53,25
877,2016,10,New Mexico,Food,3,2.0,0.0,2016 10 New Mexico,O157:H7,17,121298,0.904,0.870,53,25
878,2015,8,New Mexico,Other,8,0.0,0.0,2015 8 New Mexico,O26,17,121298,0.904,0.870,78,47
879,2015,1,Rhode Island,Other,2,0.0,0.0,2015 1 Rhode Island,O26,1021,1034,0.922,0.876,40.0,24.0
880,1999,2,Nebraska,Food,65,8.0,0.0,1999 2 Nebraska,O157:H7,24,76824,0.937,0.889,50.0,28.0
881,2003,9,Nebraska,Food,12,8.0,0.0,2003 9 Nebraska,O157:H7,24,76824,0.937,0.889,64.0,41.0
882,2015,9,Nebraska,Food,6,2.0,0.0,2015 9 Nebraska,O26,24,76824,0.937,0.889,64.0,41.0
883,2008,3,Nebraska,Food,15,3.0,,2008 3 Nebraska,O157:H7,24,76824,0.937,0.889,63.0,39.0
884,2017,3,Nebraska,Other,6,1.0,0.0,2017 3 Nebraska,O26,24,76824,0.937,0.889,63.0,39.0
885,2008,7,Nebraska,Food,34,2.0,,2008 7 Nebraska,O111,24,76824,0.937,0.889,86.0,64.0
886,2017,8,Nebraska,Other,3,1.0,0.0,2017 8 Nebraska,O157:H7,24,76824,0.937,0.889,77.0,54.0
887,2000,7,Alaska,Food,31,11.0,0.0,2000 7 Alaska,O157:H7,1,570641,0.9420000000000001,0.912,64.0,50.0
888,2008,7,Alaska,Food,3,1.0,0.0,2008 7 Alaska,O157:H7,1,570641,0.9420000000000001,0.912,64.0,50.0
889,2005,2,Alaska,Food,4,2.0,0.0,2005 2 Alaska,O157:H7,1,570641,0.9420000000000001,0.912,34.0,19.0
890,2005,5,Alaska,Food,3,1.0,0.0,2005 5 Alaska,O157:H7,1,570641,0.9420000000000001,0.912,63.0,48.0
891,2016,6,Alaska,Other,9,1.0,0.0,2016 6 Alaska,O157,1,570641,0.9420000000000001,0.912,65.0,52.0
892,2003,10,North Dakota,Food,14,2.0,0.0,2003 10 North Dakota,O157:H7,10,69001,0.948,0.874,40,19
893,2003,7,North Dakota,Food,3,0.0,0.0,2003 7 North Dakota,O157:H7,10,69001,0.948,0.874,83,56
894,2007,7,North Dakota,Food,23,0.0,0.0,2007 7 North Dakota,O111,10,69001,0.948,0.874,83,56
895,2015,7,North Dakota,Other,65,5.0,0.0,2015 7 North Dakota,O157:NM,10,69001,0.948,0.874,83,56
896,2015,7,North Dakota,Other,65,5.0,0.0,2015 7 North Dakota,(H-),10,69001,0.948,0.874,83,56
897,2004,5,New Jersey,Food,4,1.0,,2004 5 New Jersey,O157:H7,1218,7354,0.946,0.895,82,63
898,2004,11,New Jersey,Food,6,4.0,0.0,2004 11 New Jersey,O157:H7,1218,7354,0.946,0.895,44,30
899,2008,8,Vermont,Food,6,3.0,0.0,2008 8 Vermont,O157:H7,67,9217,0.938,0.885,70.0,51.0
900,2015,8,Vermont,Food,12,0.0,0.0,2015 8 Vermont,O157:H7,67,9217,0.938,0.885,70.0,51.0
901,2017,9,Vermont,Food,2,1.0,0.0,2017 9 Vermont,O157:H7,67,9217,0.938,0.885,57.0,39.0
902,2015,10,West Virginia,Other,6,0.0,0.0,2015 10 West Virginia,unknown,76,24038,0.879,0.837,57,37
903,2016,9,West Virginia,Other,2,0.0,0.0,2016 9 West Virginia,O157:H7,76,24038,0.879,0.837,68,45
